"requestTime","placementTime","approach","type","solved","latency","utilisation","waiting","execution","maxResponseTime","totalDistance","numberServers","jobId","episode"
"21:18:40:0 (H:m:s:ms)","21:18:41:0 (H:m:s:ms)","BESTFIT","GENERIC","1","186.111","0.03808262530926257","1007","1","1078","2802.550165484119","5","230","0"
"20:41:28:421 (H:m:s:ms)","20:41:29:0 (H:m:s:ms)","BESTFIT","OPERA","1","155.07","0.03454560817707973","579","0","4156","2802.550165484119","5","110","0"
"21:19:0:0 (H:m:s:ms)","21:19:1:0 (H:m:s:ms)","BESTFIT","GENERIC","1","186.16899999999998","0.041025048451140265","1009","0","3212","2802.550165484119","5","231","0"
"20:41:31:578 (H:m:s:ms)","20:41:32:0 (H:m:s:ms)","BESTFIT","OPERA","1","155.174","0.052712303779667756","421","0","1805","7097.401146072774","5","111","0"
"21:19:5:0 (H:m:s:ms)","21:19:6:0 (H:m:s:ms)","BESTFIT","GENERIC","1","186.25400000000002","0.0526020653678238","1002","0","1170","7097.401146072774","5","232","0"
"20:41:44:210 (H:m:s:ms)","20:41:45:0 (H:m:s:ms)","BESTFIT","OPERA","1","155.069","0.04238569870643936","790","0","1798","2802.550165484119","5","112","0"
"21:19:6:315 (H:m:s:ms)","21:19:7:0 (H:m:s:ms)","BESTFIT","OPERA","1","186.073","0.05592349260683053","684","0","4930","2802.550165484119","5","233","0"
"20:41:45:0 (H:m:s:ms)","20:41:46:0 (H:m:s:ms)","BESTFIT","GENERIC","1","186.204","0.057515802777078635","1001","0","3918","7097.401146072774","5","113","0"
"21:19:55:0 (H:m:s:ms)","21:19:56:0 (H:m:s:ms)","BESTFIT","GENERIC","1","186.13299999999998","0.03101347249541143","1004","0","3227","2802.550165484119","5","234","0"
"20:41:55:0 (H:m:s:ms)","20:41:56:0 (H:m:s:ms)","BESTFIT","GENERIC","1","186.139","0.03858459247111016","1001","0","2581","2802.550165484119","5","114","0"
"21:20:25:0 (H:m:s:ms)","21:20:26:0 (H:m:s:ms)","BESTFIT","GENERIC","1","186.171","0.036609872817798456","1000","0","3597","2802.550165484119","5","235","0"
"20:42:20:0 (H:m:s:ms)","20:42:21:0 (H:m:s:ms)","BESTFIT","GENERIC","1","186.177","0.04607627534631117","1007","0","2489","2802.550165484119","5","115","0"
"21:21:30:0 (H:m:s:ms)","21:21:31:0 (H:m:s:ms)","BESTFIT","AMBULANCE","1","186.13299999999998","0.06354702651168097","1011","0","1335","2802.550165484119","5","236","0"
"20:42:41:52 (H:m:s:ms)","20:42:42:0 (H:m:s:ms)","BESTFIT","OPERA","1","155.069","0.04100770326077908","947","0","1637","2802.550165484119","5","116","0"
"21:22:25:0 (H:m:s:ms)","21:22:26:0 (H:m:s:ms)","BESTFIT","GENERIC","1","186.177","0.03837995237643001","1001","0","3854","2802.550165484119","5","237","0"
"20:43:6:315 (H:m:s:ms)","20:43:7:0 (H:m:s:ms)","BESTFIT","OPERA","1","155.069","0.03588269746986989","684","0","1994","2802.550165484119","5","117","0"
"21:22:55:0 (H:m:s:ms)","21:22:56:0 (H:m:s:ms)","BESTFIT","GENERIC","1","186.139","0.044571548265056285","1001","0","2019","2802.550165484119","5","238","0"
"20:43:30:0 (H:m:s:ms)","20:43:31:0 (H:m:s:ms)","BESTFIT","GENERIC","1","186.081","0.04832767421048082","1014","0","3450","2802.550165484119","5","118","0"
"21:23:35:0 (H:m:s:ms)","21:23:36:0 (H:m:s:ms)","BESTFIT","GENERIC","1","186.129","0.03748896900548382","1001","0","3492","2802.550165484119","5","239","0"
"20:43:50:526 (H:m:s:ms)","20:43:51:0 (H:m:s:ms)","BESTFIT","OPERA","1","155.069","0.03246579647408743","473","0","1592","2802.550165484119","5","119","0"
"20:3:45:0 (H:m:s:ms)","20:3:46:0 (H:m:s:ms)","BESTFIT","GENERIC","1","155.11599999999999","0.035441944712206706","1001","0","4283","2802.550165484119","5","10","0"
"20:4:10:0 (H:m:s:ms)","20:4:11:0 (H:m:s:ms)","BESTFIT","GENERIC","1","155.133","0.04646743317304832","1001","1","2580","2802.550165484119","5","11","0"
"20:4:35:0 (H:m:s:ms)","20:4:36:0 (H:m:s:ms)","BESTFIT","GENERIC","1","155.139","0.04033848796241502","1001","1","2015","2802.550165484119","5","12","0"
"20:5:0:0 (H:m:s:ms)","20:5:1:0 (H:m:s:ms)","BESTFIT","GENERIC","1","155.119","0.04807751013699608","1003","0","3591","2802.550165484119","5","13","0"
"20:5:25:0 (H:m:s:ms)","20:5:26:0 (H:m:s:ms)","BESTFIT","GENERIC","1","155.118","0.037780045995215464","1001","0","3504","2802.550165484119","5","14","0"
"20:5:50:0 (H:m:s:ms)","20:5:51:0 (H:m:s:ms)","BESTFIT","GENERIC","1","155.086","0.037711933571499434","1000","0","3637","2802.550165484119","5","15","0"
"20:6:15:0 (H:m:s:ms)","20:6:16:0 (H:m:s:ms)","BESTFIT","GENERIC","1","155.084","0.03959019767158149","1000","0","4993","2802.550165484119","5","16","0"
"20:6:40:0 (H:m:s:ms)","20:6:41:0 (H:m:s:ms)","BESTFIT","GENERIC","1","155.088","0.04033931084416442","1001","1","2767","2802.550165484119","5","17","0"
"20:7:5:0 (H:m:s:ms)","20:7:6:0 (H:m:s:ms)","BESTFIT","GENERIC","1","155.081","0.040761737679365036","1001","0","4712","2802.550165484119","5","18","0"
"20:7:30:0 (H:m:s:ms)","20:7:31:0 (H:m:s:ms)","BESTFIT","GENERIC","1","155.073","0.04665150454625478","1000","0","3861","2802.550165484119","5","19","0"
"21:23:45:0 (H:m:s:ms)","21:23:46:0 (H:m:s:ms)","BESTFIT","GENERIC","1","186.099","0.040202023969898006","1002","0","1395","2802.550165484119","5","240","0"
"20:44:0:0 (H:m:s:ms)","20:44:1:0 (H:m:s:ms)","BESTFIT","GENERIC","1","186.125","0.035965412851854416","1006","0","1858","2802.550165484119","5","120","0"
"21:25:35:0 (H:m:s:ms)","21:25:36:0 (H:m:s:ms)","BESTFIT","GENERIC","1","186.213","0.0322390170725997","1001","0","3180","2802.550165484119","5","241","0"
"20:44:40:0 (H:m:s:ms)","20:44:41:0 (H:m:s:ms)","BESTFIT","GENERIC","1","186.111","0.037329800672531596","1009","0","4141","2802.550165484119","5","121","0"
"21:25:40:0 (H:m:s:ms)","21:25:41:0 (H:m:s:ms)","BESTFIT","GENERIC","1","186.21800000000002","0.0479670584251287","1008","0","4960","7097.401146072774","5","242","0"
"20:0:0:0 (H:m:s:ms)","0","BESTFIT","GENERIC","0","0","0","1130","0","1073","0","0","1","0"
"20:45:10:0 (H:m:s:ms)","20:45:11:0 (H:m:s:ms)","BESTFIT","GENERIC","1","186.149","0.04189471729010433","1007","0","3395","2802.550165484119","5","122","0"
"21:25:53:684 (H:m:s:ms)","21:25:54:0 (H:m:s:ms)","BESTFIT","OPERA","1","186.073","0.02906276378628749","315","0","4273","2802.550165484119","5","243","0"
"20:0:25:0 (H:m:s:ms)","20:0:26:0 (H:m:s:ms)","BESTFIT","GENERIC","1","155.121","0.04472830653171848","1002","2","3567","2802.550165484119","5","2","0"
"20:45:25:0 (H:m:s:ms)","20:45:26:0 (H:m:s:ms)","BESTFIT","GENERIC","1","186.171","0.04519263879066773","1000","0","1854","2802.550165484119","5","123","0"
"21:25:55:0 (H:m:s:ms)","21:25:56:0 (H:m:s:ms)","BESTFIT","GENERIC","1","186.238","0.04637744142479438","1001","0","3662","7097.401146072774","5","244","0"
"20:0:50:0 (H:m:s:ms)","20:0:51:0 (H:m:s:ms)","BESTFIT","GENERIC","1","155.096","0.040320298645410695","1001","1","2672","2802.550165484119","5","3","0"
"20:45:30:0 (H:m:s:ms)","20:45:31:0 (H:m:s:ms)","BESTFIT","GENERIC","1","186.216","0.05198215517489332","1014","0","4719","7097.401146072774","5","124","0"
"21:26:0:0 (H:m:s:ms)","21:26:1:0 (H:m:s:ms)","BESTFIT","GENERIC","1","186.125","0.05621999333636898","1005","0","2033","2802.550165484119","5","245","0"
"20:1:15:0 (H:m:s:ms)","20:1:16:0 (H:m:s:ms)","BESTFIT","GENERIC","1","155.087","0.031676236479718414","1001","1","3885","2802.550165484119","5","4","0"
"20:46:0:0 (H:m:s:ms)","20:46:1:0 (H:m:s:ms)","BESTFIT","OPERA","1","155.069","0.04881772788671964","1009","0","2374","2802.550165484119","5","125","0"
"21:26:0:0 (H:m:s:ms)","21:26:1:0 (H:m:s:ms)","BESTFIT","GENERIC","1","186.284","0.06858857553633671","1005","0","4303","2997.332808391815","5","246","0"
"20:1:40:0 (H:m:s:ms)","20:1:41:0 (H:m:s:ms)","BESTFIT","GENERIC","1","155.089","0.035951449920435016","1000","0","3150","2802.550165484119","5","5","0"
"20:46:0:0 (H:m:s:ms)","20:46:1:0 (H:m:s:ms)","BESTFIT","GENERIC","1","186.274","0.058879570959739606","1010","1","2373","7097.401146072774","5","126","0"
"21:26:45:0 (H:m:s:ms)","21:26:46:0 (H:m:s:ms)","BESTFIT","GENERIC","1","186.167","0.03725118221565118","1002","0","3195","2802.550165484119","5","247","0"
"20:2:5:0 (H:m:s:ms)","20:2:6:0 (H:m:s:ms)","BESTFIT","GENERIC","1","155.107","0.03916095537386563","1001","1","1884","2802.550165484119","5","6","0"
"20:46:10:0 (H:m:s:ms)","20:46:11:0 (H:m:s:ms)","BESTFIT","GENERIC","1","186.201","0.033148313946071234","1007","0","1033","2802.550165484119","5","127","0"
"21:27:5:0 (H:m:s:ms)","21:27:6:0 (H:m:s:ms)","BESTFIT","GENERIC","1","186.09699999999998","0.04211348683964422","1000","0","4936","2802.550165484119","5","248","0"
"20:2:30:0 (H:m:s:ms)","20:2:31:0 (H:m:s:ms)","BESTFIT","GENERIC","1","155.088","0.04268831634324241","1001","0","1578","2802.550165484119","5","7","0"
"20:46:56:842 (H:m:s:ms)","20:46:57:0 (H:m:s:ms)","BESTFIT","OPERA","1","155.069","0.03966675272020601","157","0","3940","2802.550165484119","5","128","0"
"21:27:10:0 (H:m:s:ms)","21:27:11:0 (H:m:s:ms)","BESTFIT","GENERIC","1","186.306","0.04785042449114035","1006","0","3820","7097.401146072774","5","249","0"
"20:2:55:0 (H:m:s:ms)","20:2:56:0 (H:m:s:ms)","BESTFIT","GENERIC","1","155.099","0.0432185789882985","1001","1","4624","2802.550165484119","5","8","0"
"20:47:20:0 (H:m:s:ms)","20:47:21:0 (H:m:s:ms)","BESTFIT","GENERIC","1","186.177","0.03716367933267471","1010","0","4714","2802.550165484119","5","129","0"
"20:3:20:0 (H:m:s:ms)","20:3:21:0 (H:m:s:ms)","BESTFIT","GENERIC","1","155.121","0.03729510270701707","1001","1","4887","2802.550165484119","5","9","0"
"20:7:50:0 (H:m:s:ms)","20:7:51:0 (H:m:s:ms)","BESTFIT","GENERIC","1","186.127","0.03663034776336753","1013","0","2341","2802.550165484119","5","20","0"
"20:7:55:0 (H:m:s:ms)","20:7:56:0 (H:m:s:ms)","BESTFIT","GENERIC","1","155.207","0.04682258901899836","1000","0","3577","7097.401146072774","5","21","0"
"20:8:20:0 (H:m:s:ms)","20:8:21:0 (H:m:s:ms)","BESTFIT","GENERIC","1","155.121","0.035581886221600925","1001","1","4735","2802.550165484119","5","22","0"
"20:8:45:0 (H:m:s:ms)","20:8:46:0 (H:m:s:ms)","BESTFIT","GENERIC","1","155.082","0.04566619807070069","1000","0","1274","2802.550165484119","5","23","0"
"20:9:5:0 (H:m:s:ms)","20:9:6:0 (H:m:s:ms)","BESTFIT","GENERIC","1","186.149","0.03110949579982585","1000","0","1914","2802.550165484119","5","24","0"
"20:9:10:0 (H:m:s:ms)","20:9:11:0 (H:m:s:ms)","BESTFIT","GENERIC","1","155.212","0.04523167765872959","1000","0","4254","7097.401146072774","5","25","0"
"20:9:25:0 (H:m:s:ms)","20:9:26:0 (H:m:s:ms)","BESTFIT","GENERIC","1","186.177","0.03509539220715132","1001","0","2893","2802.550165484119","5","26","0"
"20:9:35:0 (H:m:s:ms)","20:9:36:0 (H:m:s:ms)","BESTFIT","GENERIC","1","155.097","0.04355317825970658","1001","1","2894","2802.550165484119","5","27","0"
"20:10:0:0 (H:m:s:ms)","20:10:1:0 (H:m:s:ms)","BESTFIT","GENERIC","1","155.117","0.038956588633223654","1001","1","1837","2802.550165484119","5","28","0"
"20:10:0:0 (H:m:s:ms)","20:10:1:0 (H:m:s:ms)","BESTFIT","GENERIC","1","186.23000000000002","0.05215753889089618","1023","0","4501","7097.401146072774","5","29","0"
"21:27:20:0 (H:m:s:ms)","21:27:21:0 (H:m:s:ms)","BESTFIT","GENERIC","1","186.175","0.033203900779625616","1008","0","2533","2802.550165484119","5","250","0"
"20:47:45:0 (H:m:s:ms)","20:47:46:0 (H:m:s:ms)","BESTFIT","GENERIC","1","186.099","0.04821672051631938","1003","0","2911","2802.550165484119","5","130","0"
"21:27:30:0 (H:m:s:ms)","21:27:31:0 (H:m:s:ms)","BESTFIT","GENERIC","1","186.111","0.024712795912656692","1006","0","3565","2802.550165484119","5","251","0"
"20:48:5:0 (H:m:s:ms)","20:48:6:0 (H:m:s:ms)","BESTFIT","GENERIC","1","186.09699999999998","0.046045708435941364","1002","0","4592","2802.550165484119","5","131","0"
"21:27:50:0 (H:m:s:ms)","21:27:51:0 (H:m:s:ms)","BESTFIT","GENERIC","1","186.127","0.041340209372166536","1009","0","2250","2802.550165484119","5","252","0"
"20:48:15:0 (H:m:s:ms)","20:48:16:0 (H:m:s:ms)","BESTFIT","GENERIC","1","186.10899999999998","0.03944409529275194","1001","0","4066","2802.550165484119","5","132","0"
"21:28:5:0 (H:m:s:ms)","21:28:6:0 (H:m:s:ms)","BESTFIT","GENERIC","1","186.149","0.04875640946374807","1004","0","4950","2802.550165484119","5","253","0"
"20:48:35:0 (H:m:s:ms)","20:48:36:0 (H:m:s:ms)","BESTFIT","GENERIC","1","186.213","0.030344801421374065","1001","0","2702","2802.550165484119","5","133","0"
"21:28:15:0 (H:m:s:ms)","21:28:16:0 (H:m:s:ms)","BESTFIT","GENERIC","1","186.10899999999998","0.0488923733762505","1001","0","2941","2802.550165484119","5","254","0"
"20:48:40:0 (H:m:s:ms)","20:48:41:0 (H:m:s:ms)","BESTFIT","GENERIC","1","186.216","0.04616403148060378","1006","0","2754","7097.401146072774","5","134","0"
"21:28:20:0 (H:m:s:ms)","21:28:21:0 (H:m:s:ms)","BESTFIT","GENERIC","1","186.282","0.05704388848220604","1008","1","3009","7097.401146072774","5","255","0"
"20:48:47:368 (H:m:s:ms)","20:48:48:0 (H:m:s:ms)","BESTFIT","OPERA","1","155.069","0.04072848653846613","631","0","1991","2802.550165484119","5","135","0"
"21:28:34:736 (H:m:s:ms)","21:28:35:0 (H:m:s:ms)","BESTFIT","OPERA","1","186.073","0.04207521246592436","264","0","4162","2802.550165484119","5","256","0"
"20:48:50:0 (H:m:s:ms)","20:48:51:0 (H:m:s:ms)","BESTFIT","GENERIC","1","186.212","0.05089219548525141","1008","0","4902","7097.401146072774","5","136","0"
"21:29:0:0 (H:m:s:ms)","21:29:1:0 (H:m:s:ms)","BESTFIT","GENERIC","1","186.16899999999998","0.02639500154851952","1007","0","1870","2802.550165484119","5","257","0"
"20:48:50:0 (H:m:s:ms)","20:48:51:0 (H:m:s:ms)","BESTFIT","GENERIC","1","186.238","0.06270694551898821","1008","0","2928","2997.332808391815","5","137","0"
"21:29:30:0 (H:m:s:ms)","21:29:31:0 (H:m:s:ms)","BESTFIT","GENERIC","1","186.081","0.03887090263152394","1009","1","2066","2802.550165484119","5","258","0"
"20:49:0:0 (H:m:s:ms)","20:49:1:0 (H:m:s:ms)","BESTFIT","GENERIC","1","186.173","0.0332384739403659","1009","1","2013","2802.550165484119","5","138","0"
"21:29:30:0 (H:m:s:ms)","21:29:31:0 (H:m:s:ms)","BESTFIT","GENERIC","1","186.216","0.05361254918179926","1009","0","1550","7097.401146072774","5","259","0"
"20:49:25:0 (H:m:s:ms)","20:49:26:0 (H:m:s:ms)","BESTFIT","GENERIC","1","186.177","0.02683621315024809","1001","0","2512","2802.550165484119","5","139","0"
"20:10:15:0 (H:m:s:ms)","20:10:16:0 (H:m:s:ms)","BESTFIT","GENERIC","1","186.10899999999998","0.03379576555258112","1001","0","3852","2802.550165484119","5","30","0"
"20:11:45:0 (H:m:s:ms)","20:11:46:0 (H:m:s:ms)","BESTFIT","GENERIC","1","186.167","0.04145844534149951","1001","0","3086","2802.550165484119","5","31","0"
"20:11:55:0 (H:m:s:ms)","20:11:56:0 (H:m:s:ms)","BESTFIT","GENERIC","1","186.13299999999998","0.03999982824782634","1000","0","4011","2802.550165484119","5","32","0"
"20:12:35:0 (H:m:s:ms)","20:12:36:0 (H:m:s:ms)","BESTFIT","GENERIC","1","186.213","0.029367327800440747","1001","1","3888","2802.550165484119","5","33","0"
"20:13:10:0 (H:m:s:ms)","20:13:11:0 (H:m:s:ms)","BESTFIT","GENERIC","1","186.201","0.04591722756159458","1017","0","2987","2802.550165484119","5","34","0"
"20:13:20:0 (H:m:s:ms)","20:13:21:0 (H:m:s:ms)","BESTFIT","GENERIC","1","186.177","0.028735571410402873","1013","0","2789","2802.550165484119","5","35","0"
"20:13:40:0 (H:m:s:ms)","20:13:41:0 (H:m:s:ms)","BESTFIT","GENERIC","1","186.113","0.03943797853590471","1016","1","4201","2802.550165484119","5","36","0"
"20:14:0:0 (H:m:s:ms)","20:14:1:0 (H:m:s:ms)","BESTFIT","GENERIC","1","186.173","0.03454875848379806","1013","0","4894","2802.550165484119","5","37","0"
"20:14:15:0 (H:m:s:ms)","20:14:16:0 (H:m:s:ms)","BESTFIT","GENERIC","1","186.103","0.038850668476759616","1001","0","1386","2802.550165484119","5","38","0"
"20:14:30:0 (H:m:s:ms)","20:14:31:0 (H:m:s:ms)","BESTFIT","GENERIC","1","186.111","0.03601957074538916","1013","0","1610","2802.550165484119","5","39","0"
"21:29:44:210 (H:m:s:ms)","21:29:45:0 (H:m:s:ms)","BESTFIT","OPERA","1","186.073","0.04581909444492977","791","0","4434","2802.550165484119","5","260","0"
"20:49:37:894 (H:m:s:ms)","20:49:38:0 (H:m:s:ms)","BESTFIT","OPERA","1","155.069","0.03842031058817105","106","0","4972","2802.550165484119","5","140","0"
"21:30:10:0 (H:m:s:ms)","21:30:11:0 (H:m:s:ms)","BESTFIT","GENERIC","1","186.149","0.043834819066868445","1006","0","3269","2802.550165484119","5","261","0"
"20:49:45:0 (H:m:s:ms)","20:49:46:0 (H:m:s:ms)","BESTFIT","GENERIC","1","186.167","0.04431268369845241","1002","0","2964","2802.550165484119","5","141","0"
"21:30:25:0 (H:m:s:ms)","21:30:26:0 (H:m:s:ms)","BESTFIT","GENERIC","1","186.177","0.038390953813292036","1005","1","1405","2802.550165484119","5","262","0"
"20:50:15:0 (H:m:s:ms)","20:50:16:0 (H:m:s:ms)","BESTFIT","GENERIC","1","186.103","0.03747108880493885","1000","0","4006","2802.550165484119","5","142","0"
"21:30:56:842 (H:m:s:ms)","21:30:57:0 (H:m:s:ms)","BESTFIT","OPERA","1","186.073","0.03122996934005731","157","0","2080","2802.550165484119","5","263","0"
"20:50:40:0 (H:m:s:ms)","20:50:41:0 (H:m:s:ms)","BESTFIT","GENERIC","1","186.113","0.03052904070219671","1007","0","1383","2802.550165484119","5","143","0"
"21:31:25:0 (H:m:s:ms)","21:31:26:0 (H:m:s:ms)","BESTFIT","GENERIC","1","186.171","0.03446348044298491","1000","0","4117","2802.550165484119","5","264","0"
"20:50:55:0 (H:m:s:ms)","20:50:56:0 (H:m:s:ms)","BESTFIT","GENERIC","1","186.139","0.037581265366644474","1002","1","3768","2802.550165484119","5","144","0"
"21:31:55:0 (H:m:s:ms)","21:31:56:0 (H:m:s:ms)","BESTFIT","GENERIC","1","186.139","0.03606021091117079","1001","0","3590","2802.550165484119","5","265","0"
"20:50:55:0 (H:m:s:ms)","20:50:56:0 (H:m:s:ms)","BESTFIT","GENERIC","1","186.238","0.048303422758015475","1002","0","4875","7097.401146072774","5","145","0"
"21:32:0:0 (H:m:s:ms)","21:32:1:0 (H:m:s:ms)","BESTFIT","GENERIC","1","186.278","0.042207953338777124","1007","0","2594","7097.401146072774","5","266","0"
"20:51:0:0 (H:m:s:ms)","20:51:1:0 (H:m:s:ms)","BESTFIT","GENERIC","1","186.236","0.05219502802104375","1014","0","1210","2997.332808391815","5","146","0"
"21:32:0:0 (H:m:s:ms)","21:32:1:0 (H:m:s:ms)","BESTFIT","AMBULANCE","1","186.25","0.06058887762605225","1007","0","1335","2997.332808391815","5","267","0"
"20:51:22:105 (H:m:s:ms)","20:51:23:0 (H:m:s:ms)","BESTFIT","OPERA","1","155.069","0.045206077898794814","894","0","1881","2802.550165484119","5","147","0"
"21:32:15:0 (H:m:s:ms)","21:32:16:0 (H:m:s:ms)","BESTFIT","GENERIC","1","186.103","0.03671108117763937","1001","0","2860","2802.550165484119","5","268","0"
"20:52:34:736 (H:m:s:ms)","20:52:35:0 (H:m:s:ms)","BESTFIT","OPERA","1","155.069","0.036520289938948895","264","0","4825","2802.550165484119","5","148","0"
"21:32:50:0 (H:m:s:ms)","21:32:51:0 (H:m:s:ms)","BESTFIT","GENERIC","1","186.107","0.0427729765183713","1012","0","2884","2802.550165484119","5","269","0"
"20:52:35:0 (H:m:s:ms)","20:52:36:0 (H:m:s:ms)","BESTFIT","GENERIC","1","186.234","0.04114463033662304","1001","0","3893","7097.401146072774","5","149","0"
"20:15:5:0 (H:m:s:ms)","20:15:6:0 (H:m:s:ms)","BESTFIT","GENERIC","1","186.09699999999998","0.03898485361162719","1001","0","1924","2802.550165484119","5","40","0"
"20:15:5:0 (H:m:s:ms)","20:15:6:0 (H:m:s:ms)","BESTFIT","GENERIC","1","186.25400000000002","0.053610172877755324","1001","0","3962","7097.401146072774","5","41","0"
"20:15:25:0 (H:m:s:ms)","20:15:26:0 (H:m:s:ms)","BESTFIT","GENERIC","1","186.171","0.03510086820923181","1001","0","4869","2802.550165484119","5","42","0"
"20:15:40:0 (H:m:s:ms)","20:15:41:0 (H:m:s:ms)","BESTFIT","GENERIC","1","186.113","0.032435077754019534","1018","0","4357","2802.550165484119","5","43","0"
"20:17:10:0 (H:m:s:ms)","20:17:11:0 (H:m:s:ms)","BESTFIT","GENERIC","1","186.149","0.040492568136069246","1026","1","1720","2802.550165484119","5","44","0"
"20:17:25:0 (H:m:s:ms)","20:17:26:0 (H:m:s:ms)","BESTFIT","GENERIC","1","186.177","0.037101376312261916","1000","0","2421","2802.550165484119","5","45","0"
"20:18:20:0 (H:m:s:ms)","20:18:21:0 (H:m:s:ms)","BESTFIT","GENERIC","1","186.175","0.03497044218264222","1012","0","4575","2802.550165484119","5","46","0"
"20:18:50:0 (H:m:s:ms)","20:18:51:0 (H:m:s:ms)","BESTFIT","GENERIC","1","186.212","0.042859615990530626","1015","0","1242","7097.401146072774","5","47","0"
"20:18:50:0 (H:m:s:ms)","20:18:51:0 (H:m:s:ms)","BESTFIT","GENERIC","1","186.127","0.02998364041616995","1015","0","3143","2802.550165484119","5","48","0"
"20:18:55:0 (H:m:s:ms)","20:18:56:0 (H:m:s:ms)","BESTFIT","GENERIC","1","186.25","0.050794648915066874","1001","0","4627","2997.332808391815","5","49","0"
"21:32:55:0 (H:m:s:ms)","21:32:56:0 (H:m:s:ms)","BESTFIT","GENERIC","1","186.238","0.05392174024945239","1005","0","3319","7097.401146072774","5","270","0"
"20:54:15:789 (H:m:s:ms)","20:54:16:0 (H:m:s:ms)","BESTFIT","OPERA","1","155.069","0.03461045222533425","210","0","3769","2802.550165484119","5","150","0"
"21:33:35:0 (H:m:s:ms)","21:33:36:0 (H:m:s:ms)","BESTFIT","GENERIC","1","186.129","0.03855142441194357","1004","0","3119","2802.550165484119","5","271","0"
"20:54:25:263 (H:m:s:ms)","20:54:26:0 (H:m:s:ms)","BESTFIT","OPERA","1","155.069","0.04026573069943777","736","0","1651","2802.550165484119","5","151","0"
"21:33:37:894 (H:m:s:ms)","21:33:39:0 (H:m:s:ms)","BESTFIT","OPERA","1","186.178","0.05085323523864444","1105","0","2899","7097.401146072774","5","272","0"
"20:54:30:0 (H:m:s:ms)","20:54:31:0 (H:m:s:ms)","BESTFIT","GENERIC","1","186.186","0.05516889531001788","1007","0","3251","7097.401146072774","5","152","0"
"21:33:50:0 (H:m:s:ms)","21:33:51:0 (H:m:s:ms)","BESTFIT","GENERIC","1","186.127","0.03762601175156978","1015","0","3420","2802.550165484119","5","273","0"
"20:54:45:0 (H:m:s:ms)","20:54:46:0 (H:m:s:ms)","BESTFIT","GENERIC","1","186.167","0.03871535935089693","1000","0","3386","2802.550165484119","5","153","0"
"21:34:20:0 (H:m:s:ms)","21:34:21:0 (H:m:s:ms)","BESTFIT","GENERIC","1","186.177","0.03954684400675258","1010","0","3533","2802.550165484119","5","274","0"
"20:55:20:0 (H:m:s:ms)","20:55:21:0 (H:m:s:ms)","BESTFIT","GENERIC","1","186.177","0.032314228565111465","1008","0","4337","2802.550165484119","5","154","0"
"21:34:22:105 (H:m:s:ms)","21:34:23:0 (H:m:s:ms)","BESTFIT","OPERA","1","186.178","0.04945365899394992","894","0","1874","7097.401146072774","5","275","0"
"20:55:45:0 (H:m:s:ms)","20:55:46:0 (H:m:s:ms)","BESTFIT","GENERIC","1","186.099","0.0453182643255765","1003","0","2216","2802.550165484119","5","155","0"
"21:34:25:263 (H:m:s:ms)","21:34:26:0 (H:m:s:ms)","BESTFIT","OPERA","1","186.184","0.06284581100067793","738","0","2757","2997.332808391815","5","276","0"
"20:56:30:0 (H:m:s:ms)","20:56:31:0 (H:m:s:ms)","BESTFIT","GENERIC","1","186.111","0.048679060971132865","1019","0","3989","2802.550165484119","5","156","0"
"21:34:40:0 (H:m:s:ms)","21:34:41:0 (H:m:s:ms)","BESTFIT","GENERIC","1","186.111","0.03468092552220954","1008","0","4176","2802.550165484119","5","277","0"
"20:56:40:0 (H:m:s:ms)","20:56:41:0 (H:m:s:ms)","BESTFIT","GENERIC","1","186.111","0.03975244624045735","1013","0","1335","2802.550165484119","5","157","0"
"21:34:45:0 (H:m:s:ms)","21:34:46:0 (H:m:s:ms)","BESTFIT","GENERIC","1","186.204","0.04869822877885961","1002","0","2219","7097.401146072774","5","278","0"
"20:56:50:0 (H:m:s:ms)","20:56:51:0 (H:m:s:ms)","BESTFIT","GENERIC","1","186.127","0.034604027063840276","1018","0","2134","2802.550165484119","5","158","0"
"21:34:50:526 (H:m:s:ms)","21:34:51:0 (H:m:s:ms)","BESTFIT","OPERA","1","186.073","0.05495652020748527","473","0","4086","2802.550165484119","5","279","0"
"20:57:0:0 (H:m:s:ms)","20:57:1:0 (H:m:s:ms)","BESTFIT","GENERIC","1","186.173","0.036131109812734395","1011","0","3789","2802.550165484119","5","159","0"
"20:19:0:0 (H:m:s:ms)","20:19:1:0 (H:m:s:ms)","BESTFIT","GENERIC","1","186.16899999999998","0.043944963280058584","1013","0","4509","2802.550165484119","5","50","0"
"20:19:30:0 (H:m:s:ms)","20:19:31:0 (H:m:s:ms)","BESTFIT","GENERIC","1","186.081","0.031505834756484385","1016","1","3088","2802.550165484119","5","51","0"
"20:19:30:0 (H:m:s:ms)","20:19:31:0 (H:m:s:ms)","BESTFIT","GENERIC","1","186.216","0.04601095536135233","1016","0","2222","7097.401146072774","5","52","0"
"20:19:35:0 (H:m:s:ms)","20:19:36:0 (H:m:s:ms)","BESTFIT","GENERIC","1","186.24","0.05756352733381879","1001","0","3989","2997.332808391815","5","53","0"
"20:20:35:0 (H:m:s:ms)","20:20:36:0 (H:m:s:ms)","BESTFIT","GENERIC","1","186.213","0.02968470942117988","1001","1","4656","2802.550165484119","5","54","0"
"20:20:40:0 (H:m:s:ms)","20:20:41:0 (H:m:s:ms)","BESTFIT","GENERIC","1","186.216","0.04566924074437554","1012","0","4899","7097.401146072774","5","55","0"
"20:20:45:0 (H:m:s:ms)","20:20:46:0 (H:m:s:ms)","BESTFIT","GENERIC","1","186.165","0.05327377493148229","1002","0","4686","2802.550165484119","5","56","0"
"20:21:15:0 (H:m:s:ms)","20:21:16:0 (H:m:s:ms)","BESTFIT","GENERIC","1","186.103","0.029464007366010382","1001","1","4698","2802.550165484119","5","57","0"
"20:21:45:0 (H:m:s:ms)","20:21:46:0 (H:m:s:ms)","BESTFIT","GENERIC","1","186.099","0.039203229888346854","1001","1","4431","2802.550165484119","5","58","0"
"20:22:0:0 (H:m:s:ms)","20:22:1:0 (H:m:s:ms)","BESTFIT","GENERIC","1","186.125","0.029574534941223307","1014","0","1574","2802.550165484119","5","59","0"
"21:35:10:0 (H:m:s:ms)","21:35:11:0 (H:m:s:ms)","BESTFIT","GENERIC","1","186.201","0.0388992440349979","1009","0","4589","2802.550165484119","5","280","0"
"20:57:5:0 (H:m:s:ms)","20:57:6:0 (H:m:s:ms)","BESTFIT","GENERIC","1","186.25400000000002","0.0465502078228036","1001","0","1012","7097.401146072774","5","160","0"
"21:36:5:0 (H:m:s:ms)","21:36:6:0 (H:m:s:ms)","BESTFIT","GENERIC","1","186.149","0.03667421237336877","1001","0","2091","2802.550165484119","5","281","0"
"20:57:10:0 (H:m:s:ms)","20:57:11:0 (H:m:s:ms)","BESTFIT","GENERIC","1","186.149","0.043674380062945106","1007","0","3255","2802.550165484119","5","161","0"
"21:36:20:0 (H:m:s:ms)","21:36:21:0 (H:m:s:ms)","BESTFIT","GENERIC","1","186.175","0.03856763253695423","1006","0","3885","2802.550165484119","5","282","0"
"20:58:0:0 (H:m:s:ms)","0","BESTFIT","AMBULANCE","0","0","0","1026","0","684","0","0","162","0"
"21:36:30:0 (H:m:s:ms)","21:36:31:0 (H:m:s:ms)","BESTFIT","GENERIC","1","186.111","0.03947250699547171","1007","0","2340","2802.550165484119","5","283","0"
"20:58:25:0 (H:m:s:ms)","20:58:26:0 (H:m:s:ms)","BESTFIT","GENERIC","1","186.177","0.03093116218370504","1002","0","4429","2802.550165484119","5","163","0"
"21:36:35:0 (H:m:s:ms)","21:36:36:0 (H:m:s:ms)","BESTFIT","GENERIC","1","186.318","0.050890551773026295","1003","0","3774","7097.401146072774","5","284","0"
"20:58:50:0 (H:m:s:ms)","20:58:51:0 (H:m:s:ms)","BESTFIT","GENERIC","1","186.107","0.038336957825746754","1010","0","1814","2802.550165484119","5","164","0"
"21:37:0:0 (H:m:s:ms)","21:37:1:0 (H:m:s:ms)","BESTFIT","OPERA","1","186.073","0.0361041249533704","1008","0","2393","2802.550165484119","5","285","0"
"20:59:20:0 (H:m:s:ms)","20:59:21:0 (H:m:s:ms)","BESTFIT","GENERIC","1","186.177","0.02643199172557056","1006","0","3629","2802.550165484119","5","165","0"
"21:37:5:0 (H:m:s:ms)","21:37:6:0 (H:m:s:ms)","BESTFIT","GENERIC","1","186.202","0.04416146117717218","1002","0","4817","7097.401146072774","5","286","0"
"21:0:10:0 (H:m:s:ms)","21:0:11:0 (H:m:s:ms)","BESTFIT","GENERIC","1","186.201","0.04386770371040528","1008","0","4652","2802.550165484119","5","166","0"
"21:37:40:0 (H:m:s:ms)","21:37:41:0 (H:m:s:ms)","BESTFIT","GENERIC","1","186.113","0.03672636929538711","1010","0","2560","2802.550165484119","5","287","0"
"21:0:30:0 (H:m:s:ms)","21:0:31:0 (H:m:s:ms)","BESTFIT","GENERIC","1","186.081","0.03601380093092581","1016","9","3422","2802.550165484119","5","167","0"
"21:37:50:0 (H:m:s:ms)","21:37:51:0 (H:m:s:ms)","BESTFIT","GENERIC","1","186.107","0.04664886584875052","1008","0","4815","2802.550165484119","5","288","0"
"21:0:35:0 (H:m:s:ms)","21:0:36:0 (H:m:s:ms)","BESTFIT","GENERIC","1","186.234","0.04857327229352644","1002","0","4026","7097.401146072774","5","168","0"
"21:38:0:0 (H:m:s:ms)","21:38:1:0 (H:m:s:ms)","BESTFIT","GENERIC","1","186.16899999999998","0.04678142419273045","1015","0","1207","2802.550165484119","5","289","0"
"21:0:40:0 (H:m:s:ms)","21:0:41:0 (H:m:s:ms)","BESTFIT","GENERIC","1","186.113","0.05410447363253034","1009","0","3446","2802.550165484119","5","169","0"
"20:22:10:0 (H:m:s:ms)","20:22:11:0 (H:m:s:ms)","BESTFIT","GENERIC","1","186.201","0.0368491584015371","1017","0","1583","2802.550165484119","5","60","0"
"20:22:55:0 (H:m:s:ms)","20:22:56:0 (H:m:s:ms)","BESTFIT","GENERIC","1","186.13299999999998","0.03703425383628228","1001","0","1282","2802.550165484119","5","61","0"
"20:23:10:0 (H:m:s:ms)","20:23:11:0 (H:m:s:ms)","BESTFIT","GENERIC","1","186.149","0.039732160462666984","1013","0","4676","2802.550165484119","5","62","0"
"20:24:0:0 (H:m:s:ms)","20:24:1:0 (H:m:s:ms)","BESTFIT","GENERIC","1","186.173","0.050915461745917746","1015","0","1724","2802.550165484119","5","63","0"
"20:24:5:0 (H:m:s:ms)","20:24:6:0 (H:m:s:ms)","BESTFIT","GENERIC","1","186.25400000000002","0.06400987738636302","1000","0","3944","7097.401146072774","5","64","0"
"20:24:15:0 (H:m:s:ms)","20:24:16:0 (H:m:s:ms)","BESTFIT","GENERIC","1","186.10899999999998","0.041050913445607656","1001","0","4504","2802.550165484119","5","65","0"
"20:24:25:0 (H:m:s:ms)","20:24:26:0 (H:m:s:ms)","BESTFIT","GENERIC","1","186.171","0.02799959179345368","1000","0","2723","2802.550165484119","5","66","0"
"20:25:25:0 (H:m:s:ms)","20:25:26:0 (H:m:s:ms)","BESTFIT","GENERIC","1","186.177","0.03211988170477398","1001","0","3177","2802.550165484119","5","67","0"
"20:25:35:0 (H:m:s:ms)","20:25:36:0 (H:m:s:ms)","BESTFIT","GENERIC","1","186.129","0.02941142864333631","1002","0","1363","2802.550165484119","5","68","0"
"20:25:40:0 (H:m:s:ms)","20:25:41:0 (H:m:s:ms)","BESTFIT","GENERIC","1","186.21800000000002","0.04681683994554166","1009","0","1784","7097.401146072774","5","69","0"
"21:38:45:0 (H:m:s:ms)","21:38:46:0 (H:m:s:ms)","BESTFIT","GENERIC","1","186.167","0.028767831802371826","1000","0","2602","2802.550165484119","5","290","0"
"21:0:55:0 (H:m:s:ms)","21:0:56:0 (H:m:s:ms)","BESTFIT","GENERIC","1","186.13299999999998","0.030449544904894748","1001","0","1613","2802.550165484119","5","170","0"
"21:39:0:0 (H:m:s:ms)","21:39:1:0 (H:m:s:ms)","BESTFIT","GENERIC","1","186.125","0.040407206817450504","1016","0","2375","2802.550165484119","5","291","0"
"21:1:0:0 (H:m:s:ms)","21:1:1:0 (H:m:s:ms)","BESTFIT","GENERIC","1","186.274","0.04439909661257584","1008","0","1059","7097.401146072774","5","171","0"
"21:40:10:0 (H:m:s:ms)","21:40:11:0 (H:m:s:ms)","BESTFIT","GENERIC","1","186.149","0.048641637562706605","1007","0","2872","2802.550165484119","5","292","0"
"21:1:25:0 (H:m:s:ms)","21:1:26:0 (H:m:s:ms)","BESTFIT","GENERIC","1","186.171","0.0422275396476681","1000","0","2087","2802.550165484119","5","172","0"
"21:40:50:0 (H:m:s:ms)","21:40:51:0 (H:m:s:ms)","BESTFIT","GENERIC","1","186.127","0.030609683771333503","1006","0","1605","2802.550165484119","5","293","0"
"21:1:35:0 (H:m:s:ms)","21:1:36:0 (H:m:s:ms)","BESTFIT","GENERIC","1","186.213","0.035344141479052155","1001","0","1888","2802.550165484119","5","173","0"
"21:40:55:0 (H:m:s:ms)","21:40:56:0 (H:m:s:ms)","BESTFIT","GENERIC","1","186.244","0.042064312388293355","1001","0","2584","7097.401146072774","5","294","0"
"21:1:45:0 (H:m:s:ms)","21:1:46:0 (H:m:s:ms)","BESTFIT","GENERIC","1","186.167","0.03655609282113834","1002","0","4786","2802.550165484119","5","174","0"
"21:41:0:0 (H:m:s:ms)","21:41:1:0 (H:m:s:ms)","BESTFIT","GENERIC","1","186.173","0.05344404277542907","1009","0","1145","2802.550165484119","5","295","0"
"21:2:15:0 (H:m:s:ms)","21:2:16:0 (H:m:s:ms)","BESTFIT","GENERIC","1","186.103","0.03901498465364404","1001","0","1977","2802.550165484119","5","175","0"
"21:41:15:0 (H:m:s:ms)","21:41:16:0 (H:m:s:ms)","BESTFIT","GENERIC","1","186.10899999999998","0.04862657154422134","1002","0","1126","2802.550165484119","5","296","0"
"21:2:30:0 (H:m:s:ms)","21:2:31:0 (H:m:s:ms)","BESTFIT","AMBULANCE","1","155.084","0.05027757524203304","1008","0","1112","2802.550165484119","5","176","0"
"21:42:30:0 (H:m:s:ms)","0","BESTFIT","AMBULANCE","0","0","0","1010","0","680","0","0","297","0"
"21:2:45:0 (H:m:s:ms)","21:2:46:0 (H:m:s:ms)","BESTFIT","GENERIC","1","186.099","0.03449211428089264","1003","1","2024","2802.550165484119","5","177","0"
"21:43:15:0 (H:m:s:ms)","21:43:16:0 (H:m:s:ms)","BESTFIT","GENERIC","1","186.103","0.033151566473508115","1001","1","3244","2802.550165484119","5","298","0"
"21:2:50:0 (H:m:s:ms)","21:2:51:0 (H:m:s:ms)","BESTFIT","GENERIC","1","186.212","0.0455431770322828","1014","1","1915","7097.401146072774","5","178","0"
"21:43:15:789 (H:m:s:ms)","21:43:16:0 (H:m:s:ms)","BESTFIT","OPERA","1","186.178","0.04077565559154219","211","0","2132","7097.401146072774","5","299","0"
"21:3:5:0 (H:m:s:ms)","21:3:6:0 (H:m:s:ms)","BESTFIT","GENERIC","1","186.09699999999998","0.03844166086602661","1001","0","2711","2802.550165484119","5","179","0"
"20:26:20:0 (H:m:s:ms)","20:26:21:0 (H:m:s:ms)","BESTFIT","GENERIC","1","186.177","0.03317048567948518","1013","1","2796","2802.550165484119","5","70","0"
"20:26:30:0 (H:m:s:ms)","20:26:31:0 (H:m:s:ms)","BESTFIT","GENERIC","1","186.081","0.0406371755131029","1015","0","3648","2802.550165484119","5","71","0"
"20:27:50:0 (H:m:s:ms)","20:27:51:0 (H:m:s:ms)","BESTFIT","GENERIC","1","186.127","0.03162784810244983","1014","0","1437","2802.550165484119","5","72","0"
"20:28:5:0 (H:m:s:ms)","20:28:6:0 (H:m:s:ms)","BESTFIT","GENERIC","1","186.09699999999998","0.03637404865214579","1001","1","4606","2802.550165484119","5","73","0"
"20:28:20:0 (H:m:s:ms)","20:28:21:0 (H:m:s:ms)","BESTFIT","GENERIC","1","186.177","0.046001267603777804","1021","0","1800","2802.550165484119","5","74","0"
"20:28:50:0 (H:m:s:ms)","20:28:51:0 (H:m:s:ms)","BESTFIT","GENERIC","1","186.107","0.03894505317413829","1015","0","1310","2802.550165484119","5","75","0"
"20:30:0:0 (H:m:s:ms)","20:30:1:0 (H:m:s:ms)","BESTFIT","GENERIC","1","186.16899999999998","0.046518271235621036","1025","1","4268","2802.550165484119","5","76","0"
"20:30:9:473 (H:m:s:ms)","20:30:10:0 (H:m:s:ms)","BESTFIT","OPERA","1","155.069","0.03739903183975008","550","0","2137","2802.550165484119","5","77","0"
"20:30:30:0 (H:m:s:ms)","20:30:31:0 (H:m:s:ms)","BESTFIT","GENERIC","1","186.111","0.04506448890446117","1019","0","1363","2802.550165484119","5","78","0"
"20:30:40:0 (H:m:s:ms)","20:30:41:0 (H:m:s:ms)","BESTFIT","GENERIC","1","186.111","0.02487335526021895","1027","1","2474","2802.550165484119","5","79","0"
"21:4:0:0 (H:m:s:ms)","21:4:1:0 (H:m:s:ms)","BESTFIT","GENERIC","1","186.125","0.03377007065074488","1011","0","2156","2802.550165484119","5","180","0"
"21:5:10:0 (H:m:s:ms)","21:5:11:0 (H:m:s:ms)","BESTFIT","GENERIC","1","186.149","0.048638246556269915","1006","0","2256","2802.550165484119","5","181","0"
"21:5:15:0 (H:m:s:ms)","21:5:16:0 (H:m:s:ms)","BESTFIT","GENERIC","1","186.214","0.054870669453244404","1002","0","3260","7097.401146072774","5","182","0"
"21:5:20:0 (H:m:s:ms)","21:5:21:0 (H:m:s:ms)","BESTFIT","GENERIC","1","186.177","0.0529741751930508","1010","0","4714","2802.550165484119","5","183","0"
"21:5:25:0 (H:m:s:ms)","21:5:26:0 (H:m:s:ms)","BESTFIT","GENERIC","1","186.282","0.055069329708628864","1002","0","3665","7097.401146072774","5","184","0"
"21:6:30:0 (H:m:s:ms)","21:6:31:0 (H:m:s:ms)","BESTFIT","GENERIC","1","186.111","0.04263179270628896","1021","0","2414","2802.550165484119","5","185","0"
"21:6:40:0 (H:m:s:ms)","21:6:41:0 (H:m:s:ms)","BESTFIT","GENERIC","1","186.113","0.034848252239862244","1017","0","4802","2802.550165484119","5","186","0"
"21:6:50:0 (H:m:s:ms)","21:6:51:0 (H:m:s:ms)","BESTFIT","GENERIC","1","186.127","0.04403153667088857","1011","0","2232","2802.550165484119","5","187","0"
"21:7:5:0 (H:m:s:ms)","21:7:6:0 (H:m:s:ms)","BESTFIT","GENERIC","1","186.149","0.048057482739315566","1001","0","2595","2802.550165484119","5","188","0"
"21:7:20:0 (H:m:s:ms)","21:7:21:0 (H:m:s:ms)","BESTFIT","GENERIC","1","186.175","0.03998367739397901","1019","0","1469","2802.550165484119","5","189","0"
"20:30:55:0 (H:m:s:ms)","20:30:56:0 (H:m:s:ms)","BESTFIT","GENERIC","1","186.139","0.041662167193624214","1006","1","2166","2802.550165484119","5","80","0"
"20:30:55:0 (H:m:s:ms)","20:30:56:0 (H:m:s:ms)","BESTFIT","GENERIC","1","186.238","0.05073092556352322","1006","0","1346","7097.401146072774","5","81","0"
"20:31:35:0 (H:m:s:ms)","20:31:36:0 (H:m:s:ms)","BESTFIT","GENERIC","1","186.213","0.03847889555699274","1001","0","3273","2802.550165484119","5","82","0"
"20:32:18:947 (H:m:s:ms)","20:32:20:0 (H:m:s:ms)","BESTFIT","OPERA","1","155.069","0.03322967596199692","1061","0","1186","2802.550165484119","5","83","0"
"20:32:25:0 (H:m:s:ms)","20:32:26:0 (H:m:s:ms)","BESTFIT","GENERIC","1","186.177","0.03863745960851557","1002","1","1869","2802.550165484119","5","84","0"
"20:33:5:0 (H:m:s:ms)","20:33:6:0 (H:m:s:ms)","BESTFIT","GENERIC","1","186.149","0.0434279467406782","1000","0","2804","2802.550165484119","5","85","0"
"20:33:10:0 (H:m:s:ms)","20:33:11:0 (H:m:s:ms)","BESTFIT","GENERIC","1","186.25400000000002","0.05570191072391984","1008","0","2430","7097.401146072774","5","86","0"
"20:33:12:631 (H:m:s:ms)","20:33:13:0 (H:m:s:ms)","BESTFIT","OPERA","1","155.069","0.04997263653530981","369","0","3465","2802.550165484119","5","87","0"
"20:34:0:0 (H:m:s:ms)","20:34:1:0 (H:m:s:ms)","BESTFIT","GENERIC","1","186.125","0.050859057638715406","1009","1","4376","2802.550165484119","5","88","0"
"20:34:25:0 (H:m:s:ms)","20:34:26:0 (H:m:s:ms)","BESTFIT","GENERIC","1","186.171","0.0400927171803206","1002","0","2279","2802.550165484119","5","89","0"
"21:7:35:0 (H:m:s:ms)","21:7:36:0 (H:m:s:ms)","BESTFIT","GENERIC","1","186.129","0.037707774822101366","1004","0","3877","2802.550165484119","5","190","0"
"21:7:55:0 (H:m:s:ms)","21:7:56:0 (H:m:s:ms)","BESTFIT","GENERIC","1","186.139","0.035987058824064444","1003","1","4393","2802.550165484119","5","191","0"
"21:8:0:0 (H:m:s:ms)","21:8:1:0 (H:m:s:ms)","BESTFIT","AMBULANCE","1","155.215","0.05151383039754563","1016","0","1474","7097.401146072774","5","192","0"
"21:8:0:0 (H:m:s:ms)","21:8:1:0 (H:m:s:ms)","BESTFIT","GENERIC","1","186.284","0.05767845298881191","1016","0","1228","2997.332808391815","5","193","0"
"21:8:0:0 (H:m:s:ms)","21:8:1:0 (H:m:s:ms)","BESTFIT","GENERIC","1","186.357","0.0601652057152465","1016","0","1542","6365.775541731833","5","194","0"
"21:8:12:631 (H:m:s:ms)","21:8:13:0 (H:m:s:ms)","BESTFIT","OPERA","1","186.073","0.03389727399704245","369","0","3152","2802.550165484119","5","195","0"
"21:8:35:0 (H:m:s:ms)","21:8:36:0 (H:m:s:ms)","BESTFIT","GENERIC","1","186.213","0.045545101858606205","1001","0","3943","2802.550165484119","5","196","0"
"21:8:40:0 (H:m:s:ms)","21:8:41:0 (H:m:s:ms)","BESTFIT","GENERIC","1","186.216","0.0532093468524149","1013","0","4982","7097.401146072774","5","197","0"
"21:9:30:0 (H:m:s:ms)","21:9:31:0 (H:m:s:ms)","BESTFIT","AMBULANCE","1","155.12","0.0603450809806956","1011","0","1075","2802.550165484119","5","198","0"
"21:10:25:0 (H:m:s:ms)","21:10:26:0 (H:m:s:ms)","BESTFIT","GENERIC","1","186.177","0.035508387527467475","1000","0","1435","2802.550165484119","5","199","0"
"20:34:45:0 (H:m:s:ms)","20:34:46:0 (H:m:s:ms)","BESTFIT","GENERIC","1","186.099","0.03716633856367583","1003","0","3291","2802.550165484119","5","90","0"
"20:35:3:157 (H:m:s:ms)","20:35:4:0 (H:m:s:ms)","BESTFIT","OPERA","1","155.069","0.0418922262756634","842","0","4640","2802.550165484119","5","91","0"
"20:35:10:0 (H:m:s:ms)","20:35:11:0 (H:m:s:ms)","BESTFIT","GENERIC","1","186.201","0.0387969886793188","1010","0","3410","2802.550165484119","5","92","0"
"20:35:15:0 (H:m:s:ms)","20:35:16:0 (H:m:s:ms)","BESTFIT","GENERIC","1","186.208","0.05169250526748105","1001","1","4596","7097.401146072774","5","93","0"
"20:35:20:0 (H:m:s:ms)","20:35:21:0 (H:m:s:ms)","BESTFIT","GENERIC","1","186.175","0.057357820028188955","1010","0","3501","2802.550165484119","5","94","0"
"20:36:30:0 (H:m:s:ms)","20:36:31:0 (H:m:s:ms)","BESTFIT","GENERIC","1","186.081","0.04868096210119848","1013","0","1483","2802.550165484119","5","95","0"
"20:36:50:0 (H:m:s:ms)","20:36:51:0 (H:m:s:ms)","BESTFIT","GENERIC","1","186.107","0.042154420114824426","1007","0","2341","2802.550165484119","5","96","0"
"20:37:0:0 (H:m:s:ms)","20:37:1:0 (H:m:s:ms)","BESTFIT","GENERIC","1","186.16899999999998","0.03251111724968909","1009","0","2692","2802.550165484119","5","97","0"
"20:37:15:0 (H:m:s:ms)","20:37:16:0 (H:m:s:ms)","BESTFIT","GENERIC","1","186.10899999999998","0.04384258712957086","1001","0","1865","2802.550165484119","5","98","0"
"20:38:0:0 (H:m:s:ms)","20:38:1:0 (H:m:s:ms)","BESTFIT","GENERIC","1","186.173","0.0457642036438102","1018","1","3740","2802.550165484119","5","99","0"
"21:43:20:0 (H:m:s:ms)","21:43:21:0 (H:m:s:ms)","BESTFIT","GENERIC","1","186.288","0.052411368100320314","1006","0","2197","2997.332808391815","5","300","0"
"21:43:25:0 (H:m:s:ms)","21:43:26:0 (H:m:s:ms)","BESTFIT","GENERIC","1","186.171","0.05294924567737265","1003","0","1478","2802.550165484119","5","301","0"
"21:43:25:0 (H:m:s:ms)","21:43:26:0 (H:m:s:ms)","BESTFIT","GENERIC","1","186.282","0.06306580880781149","1003","0","2725","7097.401146072774","5","302","0"
"21:43:35:0 (H:m:s:ms)","21:43:36:0 (H:m:s:ms)","BESTFIT","GENERIC","1","186.129","0.03198690230267211","1000","0","4107","2802.550165484119","5","303","0"
"21:44:0:0 (H:m:s:ms)","21:44:1:0 (H:m:s:ms)","BESTFIT","GENERIC","1","186.125","0.04333583562539033","1010","0","4502","2802.550165484119","5","304","0"
"21:45:20:0 (H:m:s:ms)","21:45:21:0 (H:m:s:ms)","BESTFIT","GENERIC","1","186.175","0.03100232332653629","1009","0","4997","2802.550165484119","5","305","0"
"21:45:35:0 (H:m:s:ms)","21:45:36:0 (H:m:s:ms)","BESTFIT","GENERIC","1","186.213","0.03519496670931732","1003","0","2326","2802.550165484119","5","306","0"
"21:45:40:0 (H:m:s:ms)","21:45:41:0 (H:m:s:ms)","BESTFIT","GENERIC","1","186.216","0.047926325892012914","1012","0","4899","7097.401146072774","5","307","0"
"21:45:45:0 (H:m:s:ms)","21:45:46:0 (H:m:s:ms)","BESTFIT","GENERIC","1","186.099","0.05554277544143446","1001","0","3246","2802.550165484119","5","308","0"
"21:45:50:0 (H:m:s:ms)","21:45:51:0 (H:m:s:ms)","BESTFIT","GENERIC","1","186.212","0.05157447740023483","1011","0","3888","7097.401146072774","5","309","0"
"21:45:55:0 (H:m:s:ms)","21:45:56:0 (H:m:s:ms)","BESTFIT","GENERIC","1","186.13299999999998","0.04146002564537623","1002","0","4224","2802.550165484119","5","310","0"
"21:46:15:0 (H:m:s:ms)","21:46:16:0 (H:m:s:ms)","BESTFIT","GENERIC","1","186.10899999999998","0.027998867774825836","1002","0","1602","2802.550165484119","5","311","0"
"21:46:50:0 (H:m:s:ms)","21:46:51:0 (H:m:s:ms)","BESTFIT","GENERIC","1","186.127","0.04408815834194255","1014","0","1938","2802.550165484119","5","312","0"
"21:46:55:0 (H:m:s:ms)","21:46:56:0 (H:m:s:ms)","BESTFIT","GENERIC","1","186.244","0.054462852200703224","1001","0","1496","7097.401146072774","5","313","0"
"21:47:40:0 (H:m:s:ms)","21:47:41:0 (H:m:s:ms)","BESTFIT","GENERIC","1","186.113","0.03052152617009379","1008","0","4150","2802.550165484119","5","314","0"
"21:47:41:52 (H:m:s:ms)","21:47:42:0 (H:m:s:ms)","BESTFIT","OPERA","1","186.178","0.05294909275528309","947","0","3730","7097.401146072774","5","315","0"
"21:47:45:0 (H:m:s:ms)","21:47:46:0 (H:m:s:ms)","BESTFIT","GENERIC","1","186.278","0.062203745901354135","1002","0","1715","2997.332808391815","5","316","0"
"21:48:0:0 (H:m:s:ms)","21:48:1:0 (H:m:s:ms)","BESTFIT","GENERIC","1","186.173","0.03704379263721072","1008","0","4474","2802.550165484119","5","317","0"
"21:48:10:0 (H:m:s:ms)","21:48:11:0 (H:m:s:ms)","BESTFIT","GENERIC","1","186.149","0.03822617898326644","1013","0","4066","2802.550165484119","5","318","0"
"21:48:30:0 (H:m:s:ms)","21:48:31:0 (H:m:s:ms)","BESTFIT","GENERIC","1","186.186","0.046541538548176185","1015","0","1964","7097.401146072774","5","319","0"
"21:48:30:0 (H:m:s:ms)","21:48:31:0 (H:m:s:ms)","BESTFIT","GENERIC","1","186.111","0.02985875084081346","1015","0","1200","2802.550165484119","5","320","0"
"21:10:30:0 (H:m:s:ms)","21:10:31:0 (H:m:s:ms)","BESTFIT","GENERIC","1","186.186","0.046063202725752525","1011","0","1430","7097.401146072774","5","200","0"
"21:49:55:0 (H:m:s:ms)","21:49:56:0 (H:m:s:ms)","BESTFIT","GENERIC","1","186.139","0.041413775790922494","1002","0","3485","2802.550165484119","5","321","0"
"21:10:45:0 (H:m:s:ms)","21:10:46:0 (H:m:s:ms)","BESTFIT","GENERIC","1","186.167","0.04050822303113257","1000","0","4371","2802.550165484119","5","201","0"
"21:50:0:0 (H:m:s:ms)","21:50:1:0 (H:m:s:ms)","BESTFIT","GENERIC","1","186.274","0.05139644598515852","1015","0","1310","7097.401146072774","5","322","0"
"21:12:45:0 (H:m:s:ms)","21:12:46:0 (H:m:s:ms)","BESTFIT","GENERIC","1","186.099","0.0461542977409566","1002","0","3652","2802.550165484119","5","202","0"
"21:50:5:0 (H:m:s:ms)","21:50:6:0 (H:m:s:ms)","BESTFIT","GENERIC","1","186.09699999999998","0.04544861366136286","1002","0","4833","2802.550165484119","5","323","0"
"21:12:55:0 (H:m:s:ms)","21:12:56:0 (H:m:s:ms)","BESTFIT","GENERIC","1","186.13299999999998","0.04161730412050151","1002","1","3562","2802.550165484119","5","203","0"
"21:51:20:0 (H:m:s:ms)","21:51:21:0 (H:m:s:ms)","BESTFIT","GENERIC","1","186.177","0.046795792342596405","1009","0","4903","2802.550165484119","5","324","0"
"21:14:0:0 (H:m:s:ms)","21:14:1:0 (H:m:s:ms)","BESTFIT","AMBULANCE","1","155.11599999999999","0.04524488886782608","1007","0","1345","2802.550165484119","5","204","0"
"21:52:10:0 (H:m:s:ms)","21:52:11:0 (H:m:s:ms)","BESTFIT","GENERIC","1","186.201","0.04532206510408121","1007","0","2323","2802.550165484119","5","325","0"
"21:14:0:0 (H:m:s:ms)","21:14:1:0 (H:m:s:ms)","BESTFIT","GENERIC","1","186.23000000000002","0.05634891876730092","1007","0","4461","7097.401146072774","5","205","0"
"21:52:12:631 (H:m:s:ms)","21:52:13:0 (H:m:s:ms)","BESTFIT","OPERA","1","186.178","0.05459576481650156","368","0","1262","7097.401146072774","5","326","0"
"21:14:3:157 (H:m:s:ms)","21:14:4:0 (H:m:s:ms)","BESTFIT","OPERA","1","186.184","0.062352252397691585","843","0","3503","2997.332808391815","5","206","0"
"21:52:25:0 (H:m:s:ms)","21:52:26:0 (H:m:s:ms)","BESTFIT","GENERIC","1","186.171","0.027049419630209827","1002","0","3716","2802.550165484119","5","327","0"
"21:14:10:0 (H:m:s:ms)","21:14:11:0 (H:m:s:ms)","BESTFIT","GENERIC","1","186.201","0.040928278557879456","1007","0","1083","2802.550165484119","5","207","0"
"21:53:35:0 (H:m:s:ms)","21:53:36:0 (H:m:s:ms)","BESTFIT","GENERIC","1","186.129","0.0423105814024726","1002","0","3278","2802.550165484119","5","328","0"
"21:14:40:0 (H:m:s:ms)","21:14:41:0 (H:m:s:ms)","BESTFIT","GENERIC","1","186.113","0.026280317381489896","1008","0","3507","2802.550165484119","5","208","0"
"21:55:20:0 (H:m:s:ms)","21:55:21:0 (H:m:s:ms)","BESTFIT","GENERIC","1","186.175","0.041728900943797824","1005","0","2356","2802.550165484119","5","329","0"
"21:15:0:0 (H:m:s:ms)","21:15:1:0 (H:m:s:ms)","BESTFIT","GENERIC","1","186.173","0.04558399544219099","1011","0","1374","2802.550165484119","5","209","0"
"21:56:45:0 (H:m:s:ms)","21:56:46:0 (H:m:s:ms)","BESTFIT","GENERIC","1","186.099","0.04391843169916426","1000","0","1712","2802.550165484119","5","330","0"
"21:15:15:0 (H:m:s:ms)","21:15:16:0 (H:m:s:ms)","BESTFIT","GENERIC","1","186.10899999999998","0.04921270218346693","1004","0","4594","2802.550165484119","5","210","0"
"21:15:35:0 (H:m:s:ms)","21:15:36:0 (H:m:s:ms)","BESTFIT","GENERIC","1","186.213","0.041112230794178306","1001","0","3764","2802.550165484119","5","211","0"
"21:16:5:0 (H:m:s:ms)","21:16:6:0 (H:m:s:ms)","BESTFIT","GENERIC","1","186.09699999999998","0.039127021357995534","1002","1","2328","2802.550165484119","5","212","0"
"21:16:18:947 (H:m:s:ms)","21:16:20:0 (H:m:s:ms)","BESTFIT","OPERA","1","186.073","0.035030781437133965","1061","0","3353","2802.550165484119","5","213","0"
"21:16:20:0 (H:m:s:ms)","21:16:21:0 (H:m:s:ms)","BESTFIT","GENERIC","1","186.282","0.04646305238796814","1009","0","1127","7097.401146072774","5","214","0"
"21:16:30:0 (H:m:s:ms)","21:16:31:0 (H:m:s:ms)","BESTFIT","GENERIC","1","186.111","0.03589400644382411","1008","1","4940","2802.550165484119","5","215","0"
"21:16:41:52 (H:m:s:ms)","21:16:42:0 (H:m:s:ms)","BESTFIT","OPERA","1","186.073","0.03716505883198936","947","0","3056","2802.550165484119","5","216","0"
"21:16:50:0 (H:m:s:ms)","21:16:51:0 (H:m:s:ms)","BESTFIT","GENERIC","1","186.107","0.04369077103251771","1005","0","4389","2802.550165484119","5","217","0"
"21:16:50:0 (H:m:s:ms)","21:16:51:0 (H:m:s:ms)","BESTFIT","GENERIC","1","186.232","0.05046833306110376","1005","0","3820","7097.401146072774","5","218","0"
"21:17:9:473 (H:m:s:ms)","21:17:10:0 (H:m:s:ms)","BESTFIT","OPERA","1","186.073","0.04190998050639512","539","0","4168","2802.550165484119","5","219","0"
"21:17:10:0 (H:m:s:ms)","21:17:11:0 (H:m:s:ms)","BESTFIT","GENERIC","1","186.25400000000002","0.05756089746419459","1013","0","2100","7097.401146072774","5","220","0"
"20:38:5:0 (H:m:s:ms)","20:38:6:0 (H:m:s:ms)","BESTFIT","GENERIC","1","186.202","0.04958864581152382","1012","1","2457","7097.401146072774","5","100","0"
"21:17:15:0 (H:m:s:ms)","21:17:16:0 (H:m:s:ms)","BESTFIT","GENERIC","1","186.103","0.060543451665542654","1001","0","4356","2802.550165484119","5","221","0"
"20:38:45:0 (H:m:s:ms)","20:38:46:0 (H:m:s:ms)","BESTFIT","GENERIC","1","186.167","0.04873752192215214","1001","0","1607","2802.550165484119","5","101","0"
"21:17:35:0 (H:m:s:ms)","21:17:36:0 (H:m:s:ms)","BESTFIT","GENERIC","1","186.129","0.03926778534814047","1003","0","3844","2802.550165484119","5","222","0"
"20:39:10:0 (H:m:s:ms)","20:39:11:0 (H:m:s:ms)","BESTFIT","GENERIC","1","186.201","0.036865784292159594","1008","0","3684","2802.550165484119","5","102","0"
"21:17:47:368 (H:m:s:ms)","21:17:48:0 (H:m:s:ms)","BESTFIT","OPERA","1","186.073","0.04864418285489271","631","0","2671","2802.550165484119","5","223","0"
"20:39:35:0 (H:m:s:ms)","20:39:36:0 (H:m:s:ms)","BESTFIT","GENERIC","1","186.213","0.022240251239971094","1002","0","3696","2802.550165484119","5","103","0"
"21:18:0:0 (H:m:s:ms)","21:18:1:0 (H:m:s:ms)","BESTFIT","OPERA","1","186.073","0.04084212970499548","1008","0","4829","2802.550165484119","5","224","0"
"20:39:50:0 (H:m:s:ms)","20:39:51:0 (H:m:s:ms)","BESTFIT","GENERIC","1","186.127","0.04435389887142662","1012","0","3626","2802.550165484119","5","104","0"
"21:18:0:0 (H:m:s:ms)","21:18:1:0 (H:m:s:ms)","BESTFIT","GENERIC","1","186.23000000000002","0.045100154029997584","1008","0","4430","7097.401146072774","5","225","0"
"20:40:35:0 (H:m:s:ms)","20:40:36:0 (H:m:s:ms)","BESTFIT","GENERIC","1","186.129","0.03943480560409725","1000","0","4462","2802.550165484119","5","105","0"
"21:18:20:0 (H:m:s:ms)","21:18:21:0 (H:m:s:ms)","BESTFIT","GENERIC","1","186.175","0.04035649733584368","1007","0","3950","2802.550165484119","5","226","0"
"20:40:40:0 (H:m:s:ms)","20:40:41:0 (H:m:s:ms)","BESTFIT","GENERIC","1","186.21800000000002","0.04768946304258903","1008","0","3858","7097.401146072774","5","106","0"
"21:18:28:421 (H:m:s:ms)","21:18:29:0 (H:m:s:ms)","BESTFIT","OPERA","1","186.073","0.029049670374254596","578","0","3006","2802.550165484119","5","227","0"
"20:40:53:684 (H:m:s:ms)","20:40:54:0 (H:m:s:ms)","BESTFIT","OPERA","1","155.069","0.043431633900898506","315","0","3833","2802.550165484119","5","107","0"
"21:18:30:0 (H:m:s:ms)","21:18:31:0 (H:m:s:ms)","BESTFIT","GENERIC","1","186.186","0.0445973968729383","1008","0","3206","7097.401146072774","5","228","0"
"20:41:0:0 (H:m:s:ms)","20:41:1:0 (H:m:s:ms)","BESTFIT","OPERA","1","155.069","0.03522281802847478","1009","0","1452","2802.550165484119","5","108","0"
"21:18:31:578 (H:m:s:ms)","21:18:32:0 (H:m:s:ms)","BESTFIT","OPERA","1","186.184","0.05475944110329778","421","0","3204","2997.332808391815","5","229","0"
"20:41:5:0 (H:m:s:ms)","20:41:6:0 (H:m:s:ms)","BESTFIT","GENERIC","1","186.25400000000002","0.04328692451667093","1001","1","1511","7097.401146072774","5","109","0"
