,0,1,2,3,4,5,6,7,8,9,10,11,12,13,14,15,16,17,18,19,20,21,22,23,24,25,26,27,28,29,30,31,32,33,34,35,36,37,38,39,40,41,42
1340,0,0,0,0,88,0,0,0,0,0,0,0,0,0,0,0,0,0,0,0,0,0,0,0,0,0,0,0,0,0,0,0,0,0,0,0,0,0,0,0,0,0,0
10666,0,0,0,0,0,9,35,0,0,0,0,3,0,0,0,117,1,0,0,0,0,1,0,0,0,1,0,0,0,0,0,0,1,0,0,0,0,0,0,0,0,114,0
6190,0,39,0,0,0,0,0,0,0,0,0,0,0,0,0,0,0,0,0,0,0,0,0,0,0,0,0,0,0,0,0,0,0,0,1,0,0,0,0,0,2,0,0
10840,0,0,0,0,0,8,9,0,0,0,0,0,0,0,0,4,0,0,0,0,0,0,0,0,0,0,0,0,0,0,0,0,0,0,0,0,0,0,0,0,0,0,0
12489,0,0,0,0,87,19,70,0,0,0,0,14,0,0,0,245,2,0,0,0,192,0,0,0,0,3,0,0,0,0,0,0,2,0,0,0,0,0,0,0,0,0,0
2767,0,0,0,0,0,0,0,0,57,0,0,0,0,0,0,0,0,0,0,0,0,0,0,0,0,0,0,0,0,0,0,0,0,0,0,0,0,0,0,0,0,0,0
7691,0,0,0,0,0,0,0,0,112,0,0,0,0,0,0,0,0,0,0,0,0,0,0,0,0,0,0,0,0,0,0,0,0,0,0,0,0,0,0,0,0,0,0
1141,0,0,0,0,0,0,0,0,112,0,0,0,0,0,0,0,0,0,0,0,0,1,0,0,0,0,0,0,0,0,0,0,0,0,0,0,0,0,0,0,0,264,0
499,0,0,0,0,0,0,0,0,0,0,0,0,0,0,0,0,0,0,0,0,200,0,0,0,0,0,0,0,0,0,0,0,0,0,0,0,0,0,0,0,0,0,0
1527,0,0,0,0,0,0,0,0,112,0,0,0,0,0,0,0,0,0,0,0,0,1,0,0,0,0,0,0,0,0,0,0,0,0,0,0,0,0,0,0,0,264,0
4590,0,0,0,0,88,0,0,0,0,0,0,0,0,0,0,0,0,0,0,0,83,0,0,0,0,0,0,0,0,0,0,0,0,0,0,0,0,0,0,0,0,0,0
1940,0,0,0,0,48,6,30,0,59,0,0,0,0,0,0,45,1,0,0,0,44,0,0,0,0,1,0,0,0,0,0,0,1,0,0,0,0,0,0,0,0,136,0
3585,0,0,0,0,88,0,0,0,112,0,0,0,0,0,0,0,0,0,0,0,200,0,0,0,0,0,0,0,0,0,0,0,0,0,0,0,0,0,0,0,0,0,0
3583,0,0,0,0,88,0,0,0,112,0,0,0,0,0,0,0,0,0,0,0,200,0,0,0,0,0,0,0,0,0,0,0,0,0,0,0,0,0,0,0,0,0,0
13490,19,0,1,0,47,0,0,0,0,98,0,0,0,2,0,0,0,128,0,2,0,0,3,0,0,0,1,0,8,0,0,0,0,0,0,0,0,0,0,0,0,0,1
1063,0,39,0,0,0,0,0,0,0,0,0,0,0,0,244,0,0,290,24,0,0,0,0,4,0,0,0,2,0,6,0,0,0,15,1,0,24,1,0,0,2,2,0
6649,0,0,0,3,0,0,0,1,0,0,4,0,2,0,16,0,0,0,0,0,0,0,0,0,0,0,0,0,0,0,0,0,0,3,0,1,0,1,16,0,0,0,0
7692,0,0,0,0,0,0,0,0,112,0,0,0,0,0,0,0,0,0,0,0,0,0,0,0,0,0,0,0,0,0,0,0,0,0,0,0,0,0,0,0,0,0,0
4745,0,0,0,0,0,0,0,0,5,0,0,0,0,0,0,0,0,0,0,0,0,0,0,0,0,0,0,0,0,0,0,0,0,0,0,0,0,0,0,0,0,14,0
13326,0,15,0,0,0,0,0,0,0,0,0,0,0,0,0,0,0,0,0,0,0,0,0,0,0,0,0,0,0,0,0,0,0,0,0,0,0,0,0,0,0,0,0
7696,0,0,0,0,0,0,0,0,112,0,0,0,0,0,0,0,0,0,0,0,0,0,0,0,0,0,0,0,0,0,0,0,0,0,0,0,0,0,0,0,0,0,0
6151,0,39,0,0,0,0,0,0,0,0,0,0,0,0,0,0,0,0,0,0,0,0,0,0,0,0,0,0,0,0,0,0,0,0,1,0,0,0,0,0,2,0,0
6210,0,0,0,0,0,0,0,0,112,0,0,0,0,0,0,0,0,0,0,0,0,1,0,0,0,0,0,0,0,0,0,0,0,0,0,0,0,0,0,0,0,264,0
4740,0,0,0,0,0,0,0,0,4,0,0,0,0,0,0,0,0,0,0,0,0,1,0,0,0,0,0,0,0,0,0,0,0,0,0,0,0,0,0,0,0,8,0
3617,0,39,0,0,0,20,75,0,0,0,0,14,0,0,244,262,2,295,24,0,0,1,0,4,0,3,0,2,0,6,0,0,2,15,1,0,24,1,0,0,2,264,0
9590,13,0,5,0,0,0,0,0,0,64,0,0,0,1,0,0,0,142,0,2,0,0,3,0,0,0,1,0,7,0,0,0,0,0,0,0,0,0,0,0,0,0,37
868,0,0,0,0,88,0,0,0,0,0,0,0,0,0,0,0,0,0,0,0,0,0,0,0,0,0,0,0,0,0,0,0,0,0,0,0,0,0,0,0,0,0,0
7899,0,0,0,40,0,0,0,10,0,0,16,0,147,0,244,0,0,0,24,0,0,0,0,4,0,0,0,0,0,6,2,0,0,15,0,24,24,1,91,0,0,0,0
540,0,0,0,0,0,0,0,0,112,0,0,0,0,0,0,0,0,0,0,0,0,0,0,0,0,0,0,0,0,0,0,0,0,0,0,0,0,0,0,0,0,0,0
1665,1,0,0,39,0,20,2,0,0,100,0,20,142,10,0,256,0,0,0,0,0,1,1,0,4,3,1,0,12,0,2,0,0,0,0,0,0,0,86,13,0,260,132
1227,0,0,0,0,0,0,0,0,34,0,0,0,0,0,0,0,0,0,0,0,0,0,0,0,0,0,0,0,0,0,0,0,0,0,0,0,0,0,0,0,0,0,0
7417,0,0,0,0,0,0,0,0,9,0,0,0,0,0,0,0,0,0,0,0,0,0,0,0,0,0,0,0,0,0,0,0,0,0,0,0,0,0,0,0,0,0,0
1903,21,0,19,47,0,0,0,11,0,99,0,0,0,10,27,0,0,290,4,2,0,0,3,0,4,0,1,2,8,4,1,0,0,16,0,0,4,0,0,10,0,0,132
1937,0,0,0,0,88,20,75,0,112,0,0,14,0,0,0,262,2,0,0,0,200,1,0,0,0,3,0,0,0,0,0,0,2,0,0,0,0,0,0,0,0,264,0
6883,21,0,19,40,0,0,0,10,0,99,16,0,147,10,0,0,0,0,0,2,0,0,3,0,4,0,1,0,8,0,2,0,0,0,0,24,0,0,91,10,0,0,132
10598,0,3,0,0,0,0,0,0,0,0,0,0,0,0,4,0,0,15,2,0,0,0,0,0,0,0,0,0,0,6,0,0,0,0,0,0,0,0,0,0,0,0,0
567,0,0,0,0,0,0,0,0,112,0,0,0,0,0,0,0,0,0,0,0,0,0,0,0,0,0,0,0,0,0,0,0,0,0,0,0,0,0,0,0,0,0,0
987,0,0,0,0,0,0,0,0,0,0,0,0,0,0,0,0,0,0,0,0,200,0,0,0,0,0,0,0,0,0,0,0,0,0,0,0,0,0,0,0,0,0,0
7898,0,0,0,40,0,0,0,10,0,0,16,0,147,0,244,0,0,0,24,0,0,0,0,4,0,0,0,0,0,6,2,0,0,15,0,24,24,1,91,0,0,0,0
7248,0,18,0,0,0,0,0,0,0,0,0,0,0,0,107,0,0,128,24,0,0,0,0,1,0,0,0,0,0,6,0,0,0,0,0,0,0,0,0,0,2,0,0
12487,0,0,0,0,88,0,0,0,0,0,0,0,0,0,0,0,0,0,0,0,0,0,0,0,0,0,0,0,0,0,0,0,0,0,0,0,0,0,0,0,0,0,0
6152,0,0,0,32,0,0,0,16,0,0,6,0,59,0,141,0,0,0,13,0,0,0,0,4,0,0,0,0,0,8,0,0,0,11,0,10,2,0,42,0,0,0,0
5346,0,0,0,0,0,0,0,0,0,0,0,0,0,0,88,0,0,0,21,0,0,0,0,0,0,0,0,0,0,0,0,0,0,4,0,0,16,1,0,0,0,0,0
638,0,0,0,0,0,0,0,0,34,0,0,0,0,0,0,0,0,0,0,0,200,0,0,0,0,0,0,0,0,0,0,0,0,0,0,0,0,0,0,0,0,0,0
6787,1,0,0,17,0,9,0,0,0,100,0,24,78,8,0,265,0,0,0,0,0,1,0,0,4,3,1,0,15,0,2,0,0,0,0,0,0,0,32,16,0,264,132
573,2,0,18,0,0,0,0,0,0,1,0,0,0,8,0,0,0,157,0,0,0,0,0,0,2,0,0,2,0,0,0,0,0,0,0,0,0,0,0,10,0,0,129
7120,0,39,0,0,0,0,0,0,0,0,0,0,0,0,0,0,0,0,0,0,0,0,0,0,0,0,0,0,0,0,0,0,0,0,1,0,0,0,0,0,2,0,0
4475,0,0,0,0,0,0,0,0,0,0,0,0,0,0,0,0,0,0,0,0,5,0,0,0,0,0,0,0,0,0,0,0,0,0,0,0,0,0,0,0,0,0,0
1551,0,0,0,0,88,20,75,0,0,0,0,14,0,0,0,262,2,0,0,0,200,0,0,0,0,3,0,0,0,0,0,0,2,0,0,0,0,0,0,0,0,0,0
6235,0,0,0,0,0,0,0,0,45,0,0,0,0,0,0,0,0,0,0,0,0,0,0,0,0,0,0,0,0,0,0,0,0,0,0,0,0,0,0,0,0,0,0
862,21,0,19,40,0,20,75,10,0,0,16,0,147,10,0,0,2,0,0,2,0,0,3,0,0,0,1,0,0,0,2,0,2,0,0,24,0,0,91,0,0,0,0
848,21,0,19,40,0,0,0,10,0,99,16,0,147,10,0,0,0,0,0,2,0,0,3,0,4,0,1,0,8,0,2,0,0,0,0,24,0,0,91,10,0,0,132
10928,0,0,0,0,0,0,0,0,2,0,0,0,0,0,0,0,0,0,0,0,0,0,0,0,0,0,0,0,0,0,0,0,0,0,0,0,0,0,0,0,0,0,0
1946,0,0,0,0,88,20,75,0,0,0,0,14,0,0,0,262,2,0,0,0,200,0,0,0,0,3,0,0,0,0,0,0,2,0,0,0,0,0,0,0,0,0,0
8495,21,0,19,0,0,0,0,0,0,99,0,0,0,10,0,0,0,290,0,2,6,0,3,0,4,0,1,2,8,0,0,0,0,0,0,0,0,0,0,10,0,0,132
1528,0,0,0,0,0,0,0,0,101,0,0,0,0,0,0,0,0,0,0,0,0,0,0,0,0,0,0,0,0,0,0,0,0,0,0,0,0,0,0,0,0,215,0
590,1,32,0,87,0,0,0,21,0,8,16,0,147,0,271,0,0,0,28,1,0,0,1,4,2,0,1,0,0,10,3,0,0,31,0,24,28,1,91,1,1,0,16
7122,0,21,0,0,0,0,0,0,0,0,0,0,0,0,0,0,0,0,0,0,0,0,0,0,0,0,0,0,0,0,0,0,0,0,1,0,0,0,0,0,2,0,0
10076,0,0,0,23,0,0,0,3,0,0,0,0,0,0,9,0,0,0,3,0,0,0,0,0,0,0,0,0,0,2,0,0,0,8,0,0,1,0,0,0,0,0,0
1941,0,19,0,0,0,0,0,0,0,0,0,0,0,0,102,0,0,155,24,0,0,0,0,0,0,0,0,2,0,6,0,0,0,0,0,0,24,1,0,0,2,0,0
6195,0,22,0,0,0,0,0,0,0,0,0,0,0,0,0,0,0,0,0,0,0,0,0,0,0,0,0,0,0,0,0,0,0,0,0,0,0,0,0,0,0,0,0
4116,0,0,0,0,0,0,0,0,47,0,0,0,0,0,0,0,0,0,0,0,0,1,0,0,0,0,0,0,0,0,0,0,0,0,0,0,0,0,0,0,0,123,0
6668,0,0,0,0,0,6,37,0,0,0,0,2,0,0,0,103,1,0,0,0,0,0,0,0,0,3,0,0,0,0,0,0,2,0,0,0,0,0,0,0,0,0,0
4529,0,0,0,0,0,0,0,0,0,0,0,0,0,0,0,0,0,0,0,0,10,0,0,0,0,0,0,0,0,0,0,0,0,0,0,0,0,0,0,0,0,0,0
4120,0,0,0,0,43,0,20,0,0,0,0,0,0,0,0,0,1,0,0,0,0,0,0,0,0,0,0,0,0,0,0,0,0,0,0,0,0,0,0,0,0,0,0
6212,0,0,0,0,0,0,0,0,89,0,0,0,0,0,0,0,0,0,0,0,0,1,0,0,0,0,0,0,0,0,0,0,0,0,0,0,0,0,0,0,0,205,0
7175,0,3,0,0,0,0,0,0,0,0,0,0,0,0,11,0,0,25,0,0,0,0,0,0,0,0,0,0,0,0,0,0,0,0,0,0,0,0,0,0,0,0,0
7123,0,39,0,0,0,0,0,0,0,0,0,0,0,0,0,0,0,0,0,0,0,0,0,0,0,0,0,0,0,0,0,0,0,0,1,0,0,0,0,0,2,0,0
11490,0,0,0,0,88,20,75,0,112,0,0,14,0,0,0,262,2,0,0,0,200,1,0,0,0,3,0,0,0,0,0,0,2,0,0,0,0,0,0,0,0,264,0
1054,0,39,0,0,0,0,0,0,0,0,0,0,0,0,244,0,0,290,24,0,0,0,0,4,0,0,0,2,0,6,0,0,0,15,1,0,24,1,0,0,2,0,0
2055,0,0,0,0,0,0,0,0,58,0,0,0,0,0,0,0,0,0,0,0,0,0,0,0,0,0,0,0,0,0,0,0,0,0,0,0,0,0,0,0,0,0,0
2838,0,0,0,0,56,0,0,0,0,0,0,0,0,0,0,0,0,0,0,0,0,0,0,0,0,0,0,0,0,0,0,0,0,0,0,0,0,0,0,0,0,0,0
6470,1,0,0,31,0,0,0,9,0,2,9,0,38,0,89,0,0,0,12,1,0,0,0,1,2,0,0,0,0,2,0,0,0,14,0,8,20,1,37,0,0,0,4
9608,0,0,0,0,0,0,0,0,0,0,0,14,0,0,0,262,0,0,0,0,0,0,0,0,0,3,0,0,0,0,0,0,0,0,0,0,0,0,0,0,0,0,0
1313,0,0,0,0,58,0,0,0,0,0,0,0,0,0,0,0,0,0,0,0,0,0,0,0,0,0,0,0,0,0,0,0,0,0,0,0,0,0,0,0,0,0,0
9586,0,0,0,0,0,10,42,0,0,0,0,0,0,0,0,0,1,0,0,0,0,0,0,0,0,0,0,0,0,0,0,0,1,0,0,0,0,0,0,0,0,0,0
983,0,0,0,0,88,0,0,0,0,0,0,0,0,0,244,0,0,290,24,0,200,0,0,4,0,0,0,2,0,6,0,0,0,15,0,0,24,1,0,0,0,0,0
11512,0,0,0,0,88,0,0,0,108,0,0,0,0,0,0,0,0,0,0,0,200,0,0,0,0,0,0,0,0,0,0,0,0,0,0,0,0,0,0,0,0,0,0
8741,0,0,0,18,0,0,0,5,0,0,4,0,97,0,130,0,0,0,17,0,109,0,0,1,0,0,0,0,0,0,2,0,0,7,0,11,0,0,19,0,0,0,0
3859,0,0,0,0,0,0,0,0,2,0,0,0,0,0,0,0,0,0,0,0,7,0,0,0,0,0,0,0,0,0,0,0,0,0,0,0,0,0,0,0,0,0,0
10596,0,0,0,0,0,0,1,0,0,0,0,0,0,0,0,10,0,0,0,0,7,0,0,0,0,0,0,0,0,0,0,0,0,0,0,0,0,0,0,0,0,0,0
6307,0,0,0,0,0,0,0,0,0,0,0,0,0,0,244,0,0,290,24,0,200,0,0,4,0,0,0,2,0,6,0,0,0,15,0,0,24,1,0,0,0,0,0
1938,0,0,0,0,40,8,41,0,51,0,0,3,0,0,0,138,1,0,0,0,98,1,0,0,0,1,0,0,0,0,0,0,1,0,0,0,0,0,0,0,0,108,0
6592,0,0,0,0,0,0,0,0,0,0,0,0,0,0,0,20,0,0,0,0,0,0,0,0,0,0,0,0,0,0,0,0,0,0,0,0,0,0,0,0,0,0,0
509,0,0,0,0,88,0,0,0,0,0,0,0,0,0,0,0,0,0,0,0,0,0,0,0,0,0,0,0,0,0,0,0,0,0,0,0,0,0,0,0,0,0,0
9257,21,0,19,0,0,0,0,0,0,94,0,0,0,10,0,0,0,0,0,2,0,0,3,0,4,0,1,0,8,0,0,0,0,0,0,0,0,0,0,10,0,0,128
6218,0,0,0,0,0,0,0,0,112,0,0,0,0,0,0,0,0,0,0,0,0,0,0,0,0,0,0,0,0,0,0,0,0,0,0,0,0,0,0,0,0,0,0
7694,0,0,0,0,0,0,0,0,112,0,0,0,0,0,0,0,0,0,0,0,0,0,0,0,0,0,0,0,0,0,0,0,0,0,0,0,0,0,0,0,0,0,0
6167,21,0,19,40,0,0,0,10,0,99,16,0,147,10,0,0,0,0,0,2,0,0,3,0,4,0,1,0,8,0,2,0,0,0,0,24,0,0,91,10,0,0,132
2639,0,0,0,12,0,0,0,5,0,0,3,0,37,0,70,0,0,0,0,0,69,0,0,2,0,0,0,0,0,6,2,0,0,4,0,7,0,0,18,0,0,0,0
6211,0,0,0,0,0,0,0,0,112,0,0,0,0,0,0,0,0,0,0,0,0,1,0,0,0,0,0,0,0,0,0,0,0,0,0,0,0,0,0,0,0,264,0
4270,0,2,0,0,0,0,0,0,0,0,0,0,0,0,4,0,0,6,0,0,0,0,0,1,0,0,0,0,0,0,0,0,0,1,0,0,0,0,0,0,0,0,0
1939,0,0,0,0,88,20,75,0,112,0,0,14,0,0,0,262,2,0,0,0,200,1,0,0,0,3,0,0,0,0,0,0,2,0,0,0,0,0,0,0,0,264,0
6192,0,39,0,0,0,0,0,0,0,0,0,0,0,0,0,0,0,0,0,0,0,0,0,0,0,0,0,0,0,0,0,0,0,0,1,0,0,0,0,0,2,0,0
1530,0,0,0,0,0,0,0,0,112,0,0,0,0,0,0,0,0,0,0,0,0,1,0,0,0,0,0,0,0,0,0,0,0,0,0,0,0,0,0,0,0,264,0
8476,0,0,0,0,88,0,0,0,0,0,0,0,0,0,0,0,0,0,0,0,0,0,0,0,0,0,0,0,0,0,0,0,0,0,0,0,0,0,0,0,0,0,0
4612,0,0,0,0,39,0,0,0,0,0,0,0,0,0,0,0,0,0,0,0,0,0,0,0,0,0,0,0,0,0,0,0,0,0,0,0,0,0,0,0,0,0,0
1213,0,0,0,0,19,0,0,0,0,0,0,0,0,0,0,0,0,0,0,0,95,0,0,0,0,0,0,0,0,0,0,0,0,0,0,0,0,0,0,0,0,0,0
7513,0,0,0,40,0,0,0,10,0,0,16,0,147,0,0,0,0,0,0,0,0,0,0,0,0,0,0,0,0,0,2,0,0,0,0,24,0,0,91,0,0,0,0
4672,0,0,0,0,0,0,0,0,0,0,0,0,0,0,0,0,0,0,0,0,101,0,0,0,0,0,0,0,0,0,0,0,0,0,0,0,0,0,0,0,0,0,0
10927,0,0,0,0,0,0,0,0,59,0,0,0,0,0,0,0,0,0,0,0,0,0,0,0,0,0,0,0,0,0,0,0,0,0,0,0,0,0,0,0,0,0,0
544,0,0,0,0,0,0,0,0,112,0,0,0,0,0,0,0,0,0,0,0,0,0,0,0,0,0,0,0,0,0,0,0,0,0,0,0,0,0,0,0,0,0,0
1226,0,0,0,0,0,0,0,0,112,0,0,0,0,0,0,0,0,0,0,0,0,0,0,0,0,0,0,0,0,0,0,0,0,0,0,0,0,0,0,0,0,0,0
6160,0,39,0,0,0,0,0,0,0,0,0,0,0,0,244,0,0,290,24,0,0,0,0,4,0,0,0,2,0,6,0,0,0,15,1,0,24,1,0,0,2,0,0
1943,0,0,0,0,88,20,75,0,0,0,0,14,0,0,0,262,2,0,0,0,200,0,0,0,0,3,0,0,0,0,0,0,2,0,0,0,0,0,0,0,0,0,0
3565,0,0,0,0,0,0,0,0,2,0,0,0,0,0,0,0,0,0,0,0,0,0,0,0,0,0,0,0,0,0,0,0,0,0,0,0,0,0,0,0,0,2,0
6299,0,0,0,0,12,0,0,0,0,0,0,0,0,0,0,0,0,0,0,0,200,0,0,0,0,0,0,0,0,0,0,0,0,0,0,0,0,0,0,0,0,0,0
3581,0,0,0,0,88,0,0,0,112,0,0,0,0,0,0,0,0,0,0,0,200,0,0,0,0,0,0,0,0,0,0,0,0,0,0,0,0,0,0,0,0,0,0
9256,21,0,19,0,0,0,0,0,0,99,0,0,0,10,0,0,0,0,0,2,0,0,3,0,4,0,1,0,8,0,0,0,0,0,0,0,0,0,0,10,0,0,132
7112,0,39,0,0,0,0,0,0,0,0,0,0,0,0,0,0,0,0,0,0,0,0,0,0,0,0,0,0,0,0,0,0,0,0,1,0,0,0,0,0,2,0,0
11365,21,0,19,40,0,0,0,10,0,99,16,0,147,10,0,0,0,0,0,2,0,0,3,0,4,0,1,0,8,0,2,0,0,0,0,24,0,0,91,10,0,0,132
7117,0,36,0,0,0,0,0,0,0,0,0,0,0,0,0,0,0,0,0,0,0,0,0,0,0,0,0,0,0,0,0,0,0,0,1,0,0,0,0,0,2,0,0
7695,0,0,0,0,0,0,0,0,112,0,0,0,0,0,0,0,0,0,0,0,0,0,0,0,0,0,0,0,0,0,0,0,0,0,0,0,0,0,0,0,0,0,0
1945,0,0,0,0,88,20,75,0,0,0,0,14,0,0,0,262,2,0,0,0,200,0,0,0,0,3,0,0,0,0,0,0,2,0,0,0,0,0,0,0,0,0,0
6237,6,0,8,24,0,10,32,4,0,2,6,11,105,9,0,6,0,0,0,0,0,0,0,0,0,0,0,0,3,0,0,0,1,0,0,13,0,0,38,7,0,0,0
9736,0,0,0,0,0,20,75,0,0,0,0,14,0,0,0,262,2,0,0,0,0,1,0,0,0,3,0,0,0,0,0,0,2,0,0,0,0,0,0,0,0,264,0
1342,0,0,0,0,88,0,0,0,0,0,0,0,0,0,0,0,0,0,0,0,0,0,0,0,0,0,0,0,0,0,0,0,0,0,0,0,0,0,0,0,0,0,0
1232,0,0,0,0,0,0,0,0,0,0,0,0,0,0,0,0,0,0,0,0,200,0,0,0,0,0,0,0,0,0,0,0,0,0,0,0,0,0,0,0,0,0,0
6474,0,0,0,0,32,5,34,0,0,0,0,7,0,0,0,114,2,0,0,0,98,0,0,0,0,0,0,0,0,0,0,0,2,0,0,0,0,0,0,0,0,0,0
4585,0,0,0,0,88,0,0,0,0,0,0,0,0,0,0,0,0,0,0,0,0,0,0,0,0,0,0,0,0,0,0,0,0,0,0,0,0,0,0,0,0,0,0
1532,0,0,0,0,0,0,0,0,112,0,0,0,0,0,0,0,0,0,0,0,0,1,0,0,0,0,0,0,0,0,0,0,0,0,0,0,0,0,0,0,0,264,0
1137,0,0,0,0,88,0,0,0,0,0,0,0,0,0,244,0,0,290,24,0,200,0,0,4,0,0,0,2,0,6,0,0,0,15,0,0,24,1,0,0,0,0,0
985,0,0,0,0,0,0,0,0,0,0,0,0,0,0,0,0,0,0,0,0,200,0,0,0,0,0,0,0,0,0,0,0,0,0,0,0,0,0,0,0,0,0,0
2873,2,0,0,0,0,0,0,0,0,1,0,0,0,0,0,0,0,0,0,0,0,0,0,0,0,0,0,0,0,0,0,0,0,0,0,0,0,0,0,0,0,0,0
6953,0,0,0,0,0,0,0,0,0,0,0,0,0,0,0,0,0,0,0,0,200,0,0,0,0,0,0,0,0,0,0,0,0,0,0,0,0,0,0,0,0,0,0
1245,0,0,0,0,88,0,0,0,0,0,0,0,0,0,0,0,0,0,0,0,0,0,0,0,0,0,0,0,0,0,0,0,0,0,0,0,0,0,0,0,0,0,0
6308,0,0,0,0,0,0,0,0,0,0,0,0,0,0,0,0,0,0,0,0,200,0,0,0,0,0,0,0,0,0,0,0,0,0,0,0,0,0,0,0,0,0,0
7963,0,0,0,0,8,4,5,0,0,0,0,0,0,0,0,31,0,0,0,0,21,0,0,0,0,0,0,0,0,0,0,0,0,0,0,0,0,0,0,0,0,0,0
9253,0,0,0,40,0,0,0,10,0,0,16,0,147,0,244,0,0,0,24,0,200,0,0,4,0,0,0,0,0,6,2,0,0,15,0,24,24,1,91,0,0,0,0
6238,3,0,0,40,0,20,2,0,0,2,0,22,147,13,0,7,0,0,0,2,0,0,2,0,1,0,1,0,13,0,2,0,2,0,0,0,0,0,91,13,0,0,0
6213,0,0,0,0,0,0,0,0,0,0,0,5,0,0,0,121,0,0,0,0,0,0,0,0,0,2,0,0,0,0,0,0,0,0,0,0,0,0,0,0,0,0,0
6666,0,0,0,0,0,20,75,0,0,0,0,14,0,0,0,262,2,0,0,0,0,0,0,0,0,3,0,0,0,0,0,0,2,0,0,0,0,0,0,0,0,0,0
1539,0,0,0,0,0,0,0,0,112,0,0,0,0,0,0,0,0,0,0,0,0,1,0,0,0,0,0,0,0,0,0,0,0,0,0,0,0,0,0,0,0,264,0
6166,4,0,11,15,0,0,0,5,0,32,6,0,71,8,0,0,0,0,0,1,0,0,3,0,2,0,0,0,3,0,0,0,0,0,0,5,0,0,15,6,0,0,75
8818,0,0,0,0,0,0,0,0,0,99,0,0,0,0,0,0,0,0,0,0,0,0,0,0,4,0,0,0,8,0,0,0,0,0,0,0,0,0,0,10,0,0,132
1050,0,39,0,0,0,0,0,0,0,0,0,0,0,0,244,0,0,290,24,0,0,0,0,4,0,0,0,2,0,6,0,0,0,15,1,0,24,1,0,0,2,0,0
7121,0,39,0,0,0,0,0,0,0,0,0,0,0,0,0,0,0,0,0,0,0,0,0,0,0,0,0,0,0,0,0,0,0,0,1,0,0,0,0,0,2,0,0
6116,0,5,0,0,0,0,0,0,0,0,0,0,0,0,36,0,0,55,22,0,0,0,0,0,0,0,0,1,0,0,0,0,0,4,0,0,24,0,0,0,0,0,0
1542,0,0,0,0,88,20,75,0,0,0,0,14,0,0,0,262,2,0,0,0,200,0,0,0,0,3,0,0,0,0,0,0,2,0,0,0,0,0,0,0,0,0,0
12507,0,0,16,0,0,0,0,0,0,0,0,0,0,7,0,0,0,0,0,0,0,0,0,0,2,0,0,0,0,0,0,0,0,0,0,0,0,0,0,10,0,0,113
6300,0,0,0,0,31,0,0,0,0,0,0,0,0,0,0,0,0,0,0,0,200,0,0,0,0,0,0,0,0,0,0,0,0,0,0,0,0,0,0,0,0,0,0
1673,21,0,19,0,0,20,75,10,0,1,16,16,0,12,0,6,2,0,0,0,0,0,2,0,1,0,0,0,9,0,0,0,0,0,0,24,0,0,0,10,0,0,0
6780,0,0,0,22,88,0,0,5,0,0,16,0,19,0,0,0,0,290,0,0,0,0,0,0,0,0,0,2,0,0,2,0,0,0,0,0,0,0,91,0,0,0,0
10343,0,36,0,0,0,0,0,0,0,0,0,0,0,0,153,0,0,238,24,0,0,0,0,2,0,0,0,2,0,6,0,0,0,9,0,0,24,0,0,0,2,0,0
6461,0,26,0,0,0,0,0,0,0,0,0,0,0,0,0,0,0,0,0,0,0,0,0,0,0,0,0,0,0,0,0,0,0,0,0,0,0,0,0,0,0,0,0
10662,0,0,0,0,0,0,0,0,0,0,0,0,0,0,0,0,0,9,2,0,0,0,0,0,0,0,0,0,0,0,0,0,0,0,0,0,0,0,0,0,0,0,0
516,21,0,19,0,0,0,0,0,0,99,0,0,0,10,0,0,0,290,0,2,0,0,3,0,4,0,1,2,8,0,0,0,0,0,0,0,0,0,0,10,0,0,132
1526,0,0,0,0,0,0,0,0,112,0,0,0,0,0,0,0,0,0,0,0,0,1,0,0,0,0,0,0,0,0,0,0,0,0,0,0,0,0,0,0,0,264,0
9267,0,0,1,0,0,0,0,0,0,2,0,0,0,0,0,0,0,0,0,0,0,0,0,0,0,0,0,0,0,0,0,0,0,0,0,0,0,0,0,1,0,0,6
1240,0,0,0,0,0,0,0,0,0,0,0,0,0,0,0,0,0,0,0,0,4,0,0,0,0,0,0,0,0,0,0,0,0,0,0,0,0,0,0,0,0,0,0
6194,0,39,0,0,0,0,0,0,0,0,0,0,0,0,0,0,0,0,0,0,0,0,0,0,0,0,0,0,0,0,0,0,0,0,1,0,0,0,0,0,2,0,0
6779,21,0,19,0,0,0,0,0,0,99,0,0,0,10,0,0,0,0,0,2,0,0,3,0,4,0,1,0,8,0,0,0,0,0,0,0,0,0,0,10,0,0,132
1243,0,0,0,0,0,0,0,0,57,0,0,0,0,0,0,0,0,0,0,0,200,0,0,0,0,0,0,0,0,0,0,24,0,0,0,0,0,0,0,0,0,0,0
7901,0,0,0,40,0,0,0,10,0,0,16,0,147,0,244,0,0,0,24,0,0,0,0,4,0,0,0,0,0,6,2,0,0,15,0,24,24,1,91,0,0,0,0
542,0,0,0,0,0,0,0,0,112,0,0,0,0,0,0,0,0,0,0,0,0,0,0,0,0,0,0,0,0,0,0,0,0,0,0,0,0,0,0,0,0,0,0
9733,0,0,0,0,0,20,75,0,0,0,0,14,0,0,0,262,2,0,0,0,0,1,0,0,0,3,0,0,0,0,0,0,2,0,0,0,0,0,0,0,0,264,0
1059,0,39,0,0,0,0,0,0,0,0,0,0,0,0,244,0,0,290,24,0,0,0,0,4,0,0,0,2,0,6,0,0,0,15,1,0,24,1,0,0,2,0,0
1531,0,0,0,0,0,0,0,0,112,0,0,0,0,0,0,0,0,0,0,0,0,1,0,0,0,0,0,0,0,0,0,0,0,0,0,0,0,0,0,0,0,264,0
11515,0,0,0,0,88,0,0,0,112,0,0,0,0,0,0,0,0,0,0,0,200,0,0,0,0,0,0,0,0,0,0,0,0,0,0,0,0,0,0,0,0,0,0
10983,0,0,0,0,0,0,0,0,112,0,0,0,0,0,0,0,0,0,0,0,0,0,0,0,0,0,0,0,0,0,0,0,0,0,0,0,0,0,0,0,0,0,0
8444,0,0,0,0,39,0,0,0,0,0,0,0,0,0,0,0,0,0,0,0,0,0,0,0,0,0,0,0,0,0,0,0,0,0,0,0,0,0,0,0,0,0,0
8817,0,0,0,0,0,0,0,0,0,99,0,14,0,0,0,262,0,0,0,0,0,0,0,0,4,3,0,0,8,0,0,0,0,0,0,0,0,0,0,10,0,0,132
11516,0,0,0,0,88,0,0,0,112,0,0,0,0,0,0,0,0,0,0,0,200,0,0,0,0,0,0,0,0,0,0,0,0,0,0,0,0,0,0,0,0,0,0
1333,0,0,0,0,88,0,0,0,0,0,0,0,0,0,0,0,0,0,0,0,0,0,0,0,0,0,0,0,0,0,0,0,0,0,0,0,0,0,0,0,0,0,0
1140,0,0,0,0,0,0,0,0,112,0,0,0,0,0,0,0,0,0,0,0,0,1,0,0,0,0,0,0,0,0,0,0,0,0,0,0,0,0,0,0,0,264,0
2926,0,0,0,1,0,0,0,1,0,0,4,0,6,0,23,0,0,0,0,0,0,0,0,0,0,0,0,0,0,0,0,0,0,4,0,0,0,0,13,0,0,0,0
1233,0,0,0,0,0,0,0,0,0,0,0,0,0,0,0,0,0,0,0,0,200,0,0,0,0,0,0,0,0,0,0,0,0,0,0,0,0,0,0,0,0,0,0
1547,0,0,0,0,88,20,75,0,0,0,0,14,0,0,0,262,2,0,0,0,200,0,0,0,0,3,0,0,0,0,0,0,2,0,0,0,0,0,0,0,0,0,0
1543,0,0,0,0,88,20,75,0,0,0,0,14,0,0,0,262,2,0,0,0,200,0,0,0,0,3,0,0,0,0,0,0,2,0,0,0,0,0,0,0,0,0,0
6305,0,0,0,0,22,0,0,0,0,0,0,0,0,0,244,0,0,290,24,0,200,0,0,4,0,0,0,2,0,6,0,0,0,15,0,0,24,1,0,0,0,0,0
984,0,0,0,0,0,0,0,0,0,0,0,0,0,0,0,0,0,0,0,0,200,0,0,0,0,0,0,0,0,0,0,0,0,0,0,0,0,0,0,0,0,0,0
3096,0,1,0,0,0,0,0,0,0,0,0,0,0,0,11,0,0,13,0,0,0,0,0,0,0,0,0,0,0,0,0,0,0,0,0,0,0,0,0,0,0,0,0
1922,0,0,0,0,0,0,0,0,112,0,0,0,0,0,0,0,0,0,0,0,0,1,0,0,0,0,0,0,0,0,0,0,0,0,0,0,0,0,0,0,0,264,0
3097,0,0,0,0,34,8,39,0,0,0,0,5,0,0,0,130,1,0,0,0,88,0,0,0,0,0,0,0,0,0,0,0,2,0,0,0,0,0,0,0,0,0,0
1229,0,0,0,0,0,0,0,0,69,0,0,0,0,0,0,0,0,0,0,0,0,0,0,0,0,0,0,0,0,0,0,0,0,0,0,0,0,0,0,0,0,0,0
3616,0,39,0,0,0,20,75,0,0,0,0,14,0,0,244,262,2,290,24,0,0,1,0,4,0,3,0,2,0,6,0,0,2,15,1,0,24,1,0,0,2,264,0
4402,0,0,0,0,0,0,0,0,0,0,0,0,0,0,0,0,0,0,0,0,1,0,0,0,0,0,0,0,0,0,0,0,0,0,0,0,0,0,0,0,0,0,0
7124,0,39,0,0,0,0,0,0,0,0,0,0,0,0,0,0,0,0,0,0,0,0,0,0,0,0,0,0,0,0,0,0,0,0,1,0,0,0,0,0,2,0,0
9268,0,0,0,1,0,0,0,1,0,0,0,0,3,0,0,0,0,0,0,0,0,0,0,0,0,0,0,0,0,0,2,0,0,0,0,2,0,0,0,0,0,0,0
7420,0,0,0,0,0,0,0,0,51,0,0,0,0,0,0,0,0,0,0,0,0,0,0,0,0,0,0,0,0,0,0,0,0,0,0,0,0,0,0,0,0,0,0
1892,21,0,19,0,0,0,0,0,0,99,0,0,0,10,0,0,0,290,0,2,0,0,3,0,4,0,1,2,8,0,0,0,0,0,0,0,0,0,0,10,0,0,132
2854,0,0,0,0,0,0,0,0,0,0,0,0,0,0,0,0,0,0,0,0,8,0,0,0,0,0,0,0,0,0,0,0,0,0,0,0,0,0,0,0,0,0,0
1231,0,0,0,0,0,0,0,0,112,0,0,0,0,0,0,0,0,0,0,0,0,0,0,0,0,0,0,0,0,0,0,0,0,0,0,0,0,0,0,0,0,0,0
595,0,2,0,0,0,0,0,0,0,0,0,0,0,0,0,0,0,0,0,0,0,0,0,0,0,0,0,0,0,0,0,0,0,0,0,0,0,0,0,0,0,0,0
1666,0,0,0,0,0,0,0,0,52,0,0,0,0,0,0,0,0,0,0,0,0,0,0,0,0,0,0,0,0,0,0,0,0,0,0,0,0,0,0,0,0,0,0
1897,21,0,19,0,0,0,0,0,0,99,0,0,0,10,0,0,0,290,0,2,0,0,3,0,4,0,1,2,8,0,0,0,0,0,0,0,0,0,0,10,0,0,132
574,21,0,19,0,88,0,0,0,0,99,0,0,0,10,0,0,0,290,0,2,0,0,3,0,4,0,1,2,8,0,0,0,0,0,0,0,0,0,0,10,0,0,132
7113,0,39,0,0,0,0,0,0,0,0,0,0,0,0,0,0,0,0,0,0,0,0,0,0,0,0,0,0,0,0,0,0,0,0,1,0,0,0,0,0,2,0,0
6187,0,39,0,0,0,0,0,0,0,0,0,0,0,0,244,0,0,290,24,0,0,0,0,4,0,0,0,2,0,6,0,0,0,15,1,0,24,1,0,0,2,0,0
3354,0,0,0,0,0,0,0,0,60,0,0,0,0,0,0,0,0,0,0,0,0,1,0,0,0,0,0,0,0,0,0,0,0,0,0,0,0,0,0,0,0,113,0
6662,0,0,0,0,0,0,0,0,0,0,0,14,0,0,0,262,0,0,0,0,0,0,0,0,0,3,0,0,0,0,0,0,0,0,0,0,0,0,0,0,0,0,0
3582,0,0,0,0,18,0,0,0,23,0,0,0,0,0,0,0,0,0,0,0,0,0,0,0,0,0,0,0,0,0,0,0,0,0,0,0,0,0,0,0,0,0,0
11095,0,0,0,0,0,0,0,0,0,0,0,0,0,0,0,0,0,0,0,0,3,0,0,0,0,0,0,0,0,0,0,0,0,0,0,0,0,0,0,0,0,0,0
860,0,0,0,0,0,0,0,0,0,49,0,5,0,0,0,115,0,0,0,0,0,0,0,0,4,0,0,0,4,0,0,0,0,0,0,0,0,0,0,4,0,0,63
12173,0,0,0,0,1,0,1,0,0,0,0,0,0,0,0,1,0,0,0,0,2,0,0,0,0,0,0,0,0,0,0,0,0,0,0,0,0,0,0,0,0,0,0
3865,0,0,0,0,5,0,0,0,6,0,0,0,0,0,0,0,0,0,0,0,0,0,0,0,0,0,0,0,0,0,0,0,0,0,0,0,0,0,0,0,0,0,0
6188,0,26,0,0,0,0,0,0,0,0,0,0,0,0,131,0,0,152,0,0,0,0,0,3,0,0,0,0,0,0,0,0,0,9,0,0,24,0,0,0,2,0,0
8504,0,0,0,0,0,0,0,0,112,0,0,0,0,0,0,0,0,0,0,0,0,1,0,0,0,0,0,0,0,0,0,0,0,0,0,0,0,0,0,0,0,262,0
3844,0,0,0,0,85,0,0,0,110,0,0,0,0,0,0,0,0,0,0,0,186,0,0,0,0,0,0,0,0,0,0,0,0,0,0,0,0,0,0,0,0,0,0
10810,0,0,0,0,0,12,5,0,0,0,0,9,0,0,0,101,0,0,0,0,89,0,0,0,0,2,0,0,0,0,0,0,0,0,0,0,0,0,0,0,0,0,0
7926,0,0,0,0,0,0,0,0,56,0,0,0,0,0,0,0,0,0,0,0,0,1,0,0,0,0,0,0,0,0,0,0,0,0,0,0,0,0,0,0,0,132,0
11158,0,0,0,0,0,1,2,0,0,0,0,0,0,0,0,9,0,0,0,0,0,0,0,0,0,0,0,0,0,0,0,0,0,0,0,0,0,0,0,0,0,10,0
6309,0,39,0,0,0,0,0,0,0,0,0,0,0,0,228,0,0,286,24,0,0,0,0,4,0,0,0,2,0,6,0,0,0,15,1,0,24,1,0,0,2,0,0
1549,0,0,0,0,88,20,75,0,0,0,0,14,0,0,0,262,2,0,0,0,200,0,0,0,0,3,0,0,0,0,0,0,2,0,0,0,0,0,0,0,0,0,0
1138,21,0,19,0,0,0,0,0,0,99,0,0,0,10,0,0,0,0,0,2,0,0,3,0,4,0,1,0,8,0,0,0,0,0,0,0,0,0,0,10,0,0,132
1327,0,0,0,0,12,0,0,0,0,0,0,0,0,0,0,0,0,0,0,0,0,0,0,0,0,0,0,0,0,0,0,0,0,0,0,0,0,0,0,0,0,0,0
10544,0,0,0,0,0,0,0,0,6,0,0,0,0,0,0,0,0,0,0,0,0,0,0,0,0,0,0,0,0,0,0,0,0,0,0,0,0,0,0,0,0,0,0
3577,0,0,0,0,88,0,0,0,112,0,0,0,0,0,0,0,0,0,0,0,200,0,0,0,0,0,0,0,0,0,0,0,0,0,0,0,0,0,0,0,0,0,0
11557,0,37,0,0,0,20,74,0,0,0,0,14,0,0,243,259,0,290,24,0,0,0,0,1,0,0,0,0,0,6,0,0,2,15,1,0,24,0,0,0,1,261,0
547,0,0,0,0,0,0,0,0,112,0,0,0,0,0,0,0,0,0,0,0,0,0,0,0,0,0,0,0,0,0,0,0,0,0,0,0,0,0,0,0,0,0,0
9464,0,0,0,0,0,0,0,0,0,0,0,0,0,0,0,0,0,0,0,0,200,0,0,0,0,0,0,0,0,0,0,0,0,0,0,0,0,0,0,0,0,0,0
1900,0,0,0,40,0,0,0,10,0,0,16,0,147,0,244,0,0,0,24,0,0,0,0,4,0,0,0,0,0,6,2,0,0,15,0,24,24,1,91,0,0,0,0
6169,0,0,0,0,88,0,0,0,0,0,0,0,0,0,0,0,0,0,0,0,0,0,0,0,0,0,0,0,0,0,0,0,0,0,0,0,0,0,0,0,0,0,0
6241,0,0,0,0,0,0,0,0,112,0,0,0,0,0,0,0,0,0,0,0,0,1,0,0,0,0,0,0,0,0,0,0,0,0,0,0,0,0,0,0,0,264,0
9609,0,0,0,0,0,0,0,0,0,0,0,14,0,0,0,262,0,0,0,0,0,0,0,0,0,3,0,0,0,0,0,0,0,0,0,0,0,0,0,0,0,0,0
13448,0,22,0,0,0,0,0,0,0,0,0,0,0,0,0,0,0,146,0,0,0,0,0,0,0,0,0,1,0,0,0,0,0,0,0,0,0,0,0,0,0,0,0
546,0,0,0,0,0,0,0,0,49,0,0,0,0,0,0,0,0,0,0,0,0,0,0,0,0,0,0,0,0,0,0,0,0,0,0,0,0,0,0,0,0,0,0
548,0,0,0,0,0,0,0,0,112,0,0,0,0,0,0,0,0,0,0,0,0,0,0,0,0,0,0,0,0,0,0,0,0,0,0,0,0,0,0,0,0,0,0
6665,0,0,0,0,0,0,0,0,0,0,0,14,0,0,0,262,0,0,0,0,0,0,0,0,0,3,0,0,0,0,0,0,0,0,0,0,0,0,0,0,0,0,0
3579,0,0,0,0,87,0,0,0,112,0,0,0,0,0,0,0,0,0,0,0,198,0,0,0,0,0,0,0,0,0,0,0,0,0,0,0,0,0,0,0,0,0,0
11511,10,0,9,14,0,0,0,9,0,47,4,0,60,3,0,0,0,0,0,0,0,0,0,0,4,0,0,0,5,0,0,0,0,0,0,15,0,0,32,4,0,0,57
591,1,24,3,80,0,0,0,20,0,10,12,0,129,0,243,0,0,0,22,1,0,0,1,3,4,0,1,0,0,9,3,0,0,26,1,21,24,1,88,1,2,0,21
6669,0,0,0,0,0,20,75,0,0,0,0,14,0,0,0,262,2,0,0,0,0,0,0,0,0,3,0,0,0,0,0,0,2,0,0,0,0,0,0,0,0,0,0
6208,21,0,19,40,0,0,0,10,0,99,16,0,147,10,0,0,0,0,0,2,0,0,3,0,4,0,1,0,8,0,2,0,0,0,0,24,0,0,91,10,0,0,132
8165,0,0,0,0,0,8,30,0,0,0,0,6,0,0,0,143,0,0,0,0,0,0,0,0,0,1,0,0,0,0,0,0,2,0,0,0,0,0,0,0,0,0,0
7445,0,0,1,0,0,0,0,0,0,0,0,0,0,1,0,0,0,3,0,0,0,0,0,0,0,0,0,0,0,0,0,0,0,0,0,0,0,0,0,1,0,0,5
3008,0,0,0,0,0,0,0,0,0,6,0,0,0,0,0,0,0,0,0,0,0,0,0,0,0,0,0,0,1,0,0,0,0,0,0,0,0,0,0,0,0,0,6
6285,0,39,0,0,0,0,0,0,0,0,0,0,0,0,244,0,0,290,24,0,0,0,0,4,0,0,0,2,0,6,0,0,0,15,1,0,24,1,0,0,2,0,0
11491,0,0,0,0,88,20,73,0,112,0,0,12,0,0,0,255,2,0,0,0,190,1,0,0,0,3,0,0,0,0,0,0,2,0,0,0,0,0,0,0,0,264,0
7197,0,39,0,0,0,0,0,0,0,0,0,0,0,0,0,0,0,0,0,0,0,0,0,0,0,0,0,0,0,0,0,0,0,0,1,0,0,0,0,0,2,0,0
3849,0,0,0,0,0,0,0,0,0,0,0,0,0,0,0,0,0,0,0,0,101,0,0,0,0,0,0,0,0,0,0,0,0,0,0,0,0,0,0,0,0,0,0
1329,0,39,0,0,0,0,0,0,0,0,0,0,0,0,0,0,0,0,0,0,0,0,0,0,0,0,0,0,0,0,0,0,0,0,1,0,0,0,0,0,2,0,0
7166,0,18,0,0,0,0,0,0,0,0,0,0,0,0,0,0,0,0,0,0,0,0,0,0,0,0,0,0,0,0,0,0,0,0,0,0,0,0,0,0,0,0,0
4754,0,0,0,0,0,0,0,0,11,0,0,0,0,0,0,0,0,0,0,0,0,0,0,0,0,0,0,0,0,0,0,0,0,0,0,0,0,0,0,0,0,26,0
2899,0,0,0,0,88,0,0,0,0,0,0,0,0,0,0,0,0,0,0,0,0,0,0,0,0,0,0,0,0,0,0,0,0,0,0,0,0,0,0,0,0,0,0
9459,0,0,0,0,0,0,0,0,112,0,0,0,0,0,0,0,0,0,0,0,80,0,0,0,0,0,0,0,0,0,0,0,0,0,0,0,0,0,0,0,0,0,0
1212,0,0,0,0,20,0,0,0,0,0,0,0,0,0,0,0,0,0,0,0,122,0,0,0,0,0,0,0,0,0,0,0,0,0,0,0,0,0,0,0,0,0,0
10068,0,0,0,0,5,0,0,0,0,0,0,0,0,0,0,0,0,0,0,0,0,0,0,0,0,0,0,0,0,0,0,0,0,0,0,0,0,0,0,0,0,0,0
1312,0,0,0,0,88,0,0,0,0,0,0,0,0,0,0,0,0,0,0,0,0,0,0,0,0,0,0,0,0,0,0,0,0,0,0,0,0,0,0,0,0,0,0
1537,0,0,0,0,0,0,0,0,112,0,0,0,0,0,0,0,0,0,0,0,0,1,0,0,0,0,0,0,0,0,0,0,0,0,0,0,0,0,0,0,0,264,0
1898,19,0,19,0,0,0,0,0,0,99,0,0,0,10,0,0,0,285,0,2,0,0,3,0,4,0,1,2,8,0,0,0,0,0,0,0,0,0,0,10,0,0,132
1904,21,0,19,47,0,0,0,11,0,99,0,0,0,10,27,0,0,290,4,2,0,0,3,0,4,0,1,2,8,4,1,0,0,16,0,0,4,0,0,10,0,0,132
11517,0,0,0,0,85,0,0,0,110,0,0,0,0,0,0,0,0,0,0,0,200,0,0,0,0,0,0,0,0,0,0,0,0,0,0,0,0,0,0,0,0,0,0
1535,0,0,0,0,0,0,0,0,112,0,0,0,0,0,0,0,0,0,0,0,0,1,0,0,0,0,0,0,0,0,0,0,0,0,0,0,0,0,0,0,0,264,0
1550,0,0,0,0,88,20,75,0,0,0,0,14,0,0,0,262,2,0,0,0,200,0,0,0,0,3,0,0,0,0,0,0,2,0,0,0,0,0,0,0,0,0,0
8555,0,0,0,0,5,0,0,0,0,0,0,0,0,0,0,0,0,0,0,0,0,0,0,0,0,0,0,0,0,0,0,0,0,0,0,0,0,0,0,0,0,0,0
7979,0,0,0,0,0,0,0,0,105,0,0,0,0,0,0,0,0,0,0,0,0,1,0,0,0,0,0,0,0,0,0,0,0,0,0,0,0,0,0,0,0,255,0
596,0,39,0,0,0,0,0,0,0,0,0,0,0,0,0,0,0,0,0,0,0,0,0,0,0,0,0,0,0,0,0,0,0,0,1,0,0,0,0,0,2,0,0
6885,0,0,0,0,0,0,0,0,54,0,0,0,0,0,0,0,0,0,0,0,0,0,0,0,0,0,0,0,0,0,0,0,0,0,0,0,0,0,0,0,0,105,0
3447,0,0,0,0,0,0,0,0,0,0,0,0,0,0,0,6,0,0,0,0,0,0,0,2,0,0,0,0,0,0,0,0,0,0,0,0,0,0,0,0,0,0,0
7946,0,0,0,0,1,3,1,0,0,0,0,0,0,0,0,5,1,0,0,0,10,0,0,0,0,0,0,0,0,0,0,0,0,0,0,0,0,0,0,0,0,0,0
6183,13,0,4,0,0,0,0,0,0,63,0,0,0,2,0,0,0,0,0,2,0,0,0,0,0,0,1,0,5,0,0,0,0,0,0,0,0,0,0,0,0,0,50
1048,0,25,0,0,0,0,0,0,0,0,0,0,0,0,197,0,0,201,9,0,0,0,0,4,0,0,0,1,0,6,0,0,0,14,1,0,17,0,0,0,2,0,0
7111,0,39,0,0,0,0,0,0,0,0,0,0,0,0,0,0,0,0,0,0,0,0,0,0,0,0,0,0,0,0,0,0,0,0,1,0,0,0,0,0,2,0,0
6306,0,0,0,0,0,0,0,0,0,0,0,0,0,0,244,0,0,290,24,0,200,0,0,4,0,0,0,2,0,6,0,0,0,15,0,0,24,1,0,0,0,0,0
1525,0,0,0,0,0,0,0,0,112,0,0,0,0,0,0,0,0,0,0,0,0,1,0,0,0,0,0,0,0,0,0,0,0,0,0,0,0,0,0,0,0,264,0
1060,0,39,0,0,0,0,0,0,0,0,0,0,0,0,244,0,0,290,24,0,0,0,0,4,0,0,0,2,0,6,0,0,0,15,1,0,24,1,0,0,2,0,0
1906,0,39,0,0,0,0,0,0,0,0,0,0,0,0,0,0,0,0,0,0,0,0,0,0,0,0,0,0,0,0,0,0,0,0,1,0,0,0,0,0,2,0,0
637,0,0,0,0,88,0,0,0,0,0,0,0,0,0,0,0,0,0,0,0,0,0,0,0,0,0,0,0,0,0,0,0,0,0,0,0,0,0,0,0,0,0,0
853,0,0,0,0,0,20,75,0,0,0,0,0,0,0,0,0,2,0,0,0,0,0,0,0,0,0,0,0,0,0,0,0,2,0,0,0,0,0,0,0,0,0,0
7195,0,39,0,0,0,0,0,0,0,0,0,0,0,0,0,0,0,0,0,0,0,0,0,0,0,0,0,0,0,0,0,0,0,0,1,0,0,0,0,0,2,0,0
8816,0,0,0,40,88,0,0,10,0,0,16,0,147,0,0,0,0,290,0,0,0,0,0,0,0,0,0,2,0,0,2,0,0,0,0,24,0,0,91,0,0,0,0
8477,0,0,0,0,0,0,0,0,0,0,0,0,0,0,0,0,0,0,0,0,199,0,0,0,0,0,0,0,0,0,0,0,0,0,0,0,0,0,0,0,0,0,0
2640,0,0,0,0,0,0,0,0,0,0,0,0,0,0,0,0,0,0,0,0,97,0,0,0,0,0,0,0,0,0,0,0,0,0,0,0,0,0,0,0,0,0,0
7411,0,0,0,0,0,0,0,0,7,0,0,0,0,0,0,0,0,0,0,0,0,0,0,0,0,0,0,0,0,0,0,0,0,0,0,0,0,0,0,0,0,0,0
6153,0,15,0,0,0,0,0,0,0,0,0,0,0,0,135,0,0,116,0,0,0,0,0,4,0,0,0,0,0,0,0,0,0,15,1,0,0,0,0,0,0,0,0
3584,0,0,0,0,2,0,0,0,9,0,0,0,0,0,0,0,0,0,0,0,16,0,0,0,0,0,0,0,0,0,0,0,0,0,0,0,0,0,0,0,0,0,0
6667,0,0,0,0,0,20,75,0,0,0,0,14,0,0,0,262,2,0,0,0,0,0,0,0,0,3,0,0,0,0,0,0,2,0,0,0,0,0,0,0,0,0,0
10209,0,0,0,0,0,0,2,0,0,0,0,0,0,0,0,0,0,13,0,0,0,0,0,0,0,0,0,0,0,0,0,0,0,0,0,0,0,0,0,0,0,8,0
9812,0,39,0,0,0,0,0,0,0,0,0,0,0,0,244,0,0,290,24,0,0,0,0,4,0,0,0,2,0,6,0,0,0,15,1,0,24,1,0,0,2,0,0
7995,0,0,0,0,41,0,0,0,0,0,0,0,0,0,0,0,0,0,0,0,0,0,0,0,0,0,0,0,0,0,0,0,0,0,0,0,0,0,0,0,0,0,0
6661,0,0,0,0,0,0,0,0,0,0,0,14,0,0,0,262,0,0,0,0,0,0,0,0,0,3,0,0,0,0,0,0,0,0,0,0,0,0,0,0,0,0,0
1751,0,0,0,0,39,0,0,0,0,0,0,0,0,0,0,0,0,0,0,0,0,0,0,0,0,0,0,0,0,0,0,0,0,0,0,0,0,0,0,0,0,0,0
9379,0,0,0,0,0,0,0,0,50,42,0,8,0,0,0,133,0,0,0,0,0,1,0,0,4,2,0,0,3,0,0,0,0,0,0,0,0,0,0,7,0,255,62
6161,0,2,0,0,0,0,0,0,0,0,0,0,0,0,5,0,0,3,0,0,0,0,0,0,0,0,0,0,0,0,0,0,0,0,0,0,0,0,0,0,0,0,0
2839,0,0,0,0,54,0,0,0,0,0,0,0,0,0,0,0,0,0,0,0,0,0,0,0,0,0,0,0,0,0,0,0,0,0,0,0,0,0,0,0,0,0,0
0,0,39,0,0,0,0,0,0,0,0,0,0,0,0,0,0,0,0,0,0,0,0,0,0,0,0,0,0,0,0,0,0,0,0,1,0,0,0,0,0,2,0,0
1662,0,0,0,47,0,0,0,11,0,0,0,0,0,0,27,0,0,0,4,0,0,0,0,0,0,0,0,0,0,4,1,0,0,16,0,0,4,0,0,0,0,0,0
9258,17,0,1,0,88,0,0,0,0,78,0,0,0,0,0,0,0,290,0,2,0,0,0,0,0,0,1,2,7,0,0,0,0,0,0,0,0,0,0,0,0,0,10
1341,0,0,0,0,88,0,0,0,0,0,0,0,0,0,0,0,0,0,0,0,0,0,0,0,0,0,0,0,0,0,0,0,0,0,0,0,0,0,0,0,0,0,0
3705,0,0,0,0,1,0,0,0,0,0,0,1,0,0,0,12,0,0,0,0,8,0,0,0,0,0,0,0,0,0,0,0,0,0,0,0,0,0,0,0,0,0,0
7196,0,39,0,0,0,0,0,0,0,0,0,0,0,0,0,0,0,0,0,0,0,0,0,0,0,0,0,0,0,0,0,0,0,0,1,0,0,0,0,0,2,0,0
1545,0,0,0,0,88,20,75,0,0,0,0,14,0,0,0,262,2,0,0,0,200,0,0,0,0,3,0,0,0,0,0,0,2,0,0,0,0,0,0,0,0,0,0
11493,0,0,0,0,88,20,75,0,112,0,0,14,0,0,0,262,2,0,0,0,200,1,0,0,0,3,0,0,0,0,0,0,2,0,0,0,0,0,0,0,0,264,0
1529,0,0,0,0,0,0,0,0,112,0,0,0,0,0,0,0,0,0,0,0,0,1,0,0,0,0,0,0,0,0,0,0,0,0,0,0,0,0,0,0,0,264,0
3618,0,39,0,0,0,20,75,0,0,0,0,14,0,0,244,262,2,290,24,0,0,1,0,4,0,3,0,2,0,6,0,0,2,15,1,0,24,1,0,0,2,264,0
7996,0,0,0,0,86,0,0,0,0,0,0,0,0,0,0,0,0,0,0,0,0,0,0,0,0,0,0,0,0,0,0,0,0,0,0,0,0,0,0,0,0,0,0
2916,14,0,9,0,0,0,0,0,0,42,0,0,0,5,0,0,0,120,0,2,0,0,0,0,4,0,0,1,3,0,0,0,0,0,0,0,0,0,0,1,0,0,64
6302,0,0,0,0,11,0,0,0,0,0,0,0,0,0,16,0,0,15,20,0,32,0,0,0,0,0,0,1,0,0,0,0,0,0,0,0,8,0,0,0,0,0,0
11514,0,0,0,0,84,0,0,0,104,0,0,0,0,0,0,0,0,0,0,0,197,0,0,0,0,0,0,0,0,0,0,0,0,0,0,0,0,0,0,0,0,0,0
9254,0,0,0,0,0,0,0,0,0,0,0,0,0,0,244,0,0,0,24,0,200,0,0,4,0,0,0,0,0,6,0,0,0,15,0,0,24,1,0,0,0,0,0
7900,0,0,0,40,0,0,0,10,0,0,16,0,147,0,244,0,0,0,24,0,0,0,0,4,0,0,0,0,0,6,2,0,0,15,0,24,24,1,91,0,0,0,0
9602,0,0,0,0,0,2,2,0,0,0,0,0,0,0,0,10,0,0,0,0,0,0,0,0,0,0,0,0,0,0,0,0,0,0,0,0,0,0,0,0,0,0,0
1726,0,0,0,0,0,0,0,0,54,0,0,0,0,0,0,0,0,0,0,0,0,0,0,0,0,0,0,0,0,0,0,0,0,0,0,0,0,0,0,0,0,0,0
846,0,0,0,0,0,20,75,0,0,0,0,0,0,0,0,0,2,0,0,0,0,0,0,0,0,0,0,0,0,0,0,0,2,0,0,0,0,0,0,0,0,0,0
6132,0,0,0,0,0,0,0,0,0,0,0,0,0,0,0,0,0,0,0,0,1,0,0,0,0,0,0,0,0,0,0,0,0,0,0,0,0,0,0,0,0,0,0
568,0,0,0,0,0,0,0,0,112,0,0,0,0,0,0,0,0,0,0,0,0,0,0,0,0,0,0,0,0,0,0,0,0,0,0,0,0,0,0,0,0,0,0
9255,0,0,0,20,88,0,0,5,0,0,14,0,7,0,0,0,0,290,0,0,0,0,0,0,0,0,0,2,0,0,0,0,0,0,0,0,0,0,91,0,0,0,0
11212,0,38,0,0,0,19,76,0,0,0,0,13,0,0,238,253,0,305,24,0,0,0,0,1,0,0,0,0,0,6,0,0,2,15,1,0,23,0,0,0,1,267,0
6304,0,0,0,0,88,0,0,0,0,0,0,0,0,0,244,0,0,290,24,0,200,0,0,4,0,0,0,2,0,6,0,0,0,15,0,0,24,1,0,0,0,0,0
4031,0,2,0,0,0,0,0,0,0,0,0,0,0,0,18,0,0,27,0,0,0,0,0,0,0,0,0,0,0,6,0,0,0,3,0,0,16,0,0,0,0,0,0
1061,0,39,0,0,0,0,0,0,0,0,0,0,0,0,244,0,0,290,24,0,0,0,0,4,0,0,0,2,0,6,0,0,0,15,1,0,24,1,0,0,2,0,0
6193,0,39,0,0,0,0,0,0,0,0,0,0,0,0,0,0,0,0,0,0,0,0,0,0,0,0,0,0,0,0,0,0,0,0,1,0,0,0,0,0,2,0,0
545,0,0,0,0,0,0,0,0,112,0,0,0,0,0,0,0,0,0,0,0,0,0,0,0,0,0,0,0,0,0,0,0,0,0,0,0,0,0,0,0,0,0,0
636,0,0,0,0,88,0,0,0,0,0,0,0,0,0,0,0,0,0,0,0,0,0,0,0,0,0,0,0,0,0,0,0,0,0,0,0,0,0,0,0,0,0,0
1062,0,39,0,0,0,0,0,0,0,0,0,0,0,0,244,0,0,290,24,0,0,0,0,4,0,0,0,2,0,6,0,0,0,15,1,0,24,1,0,0,2,0,0
1921,0,0,0,0,0,0,0,0,59,0,0,0,0,0,0,0,0,0,0,0,0,1,0,0,0,0,0,0,0,0,0,0,0,0,0,0,0,0,0,0,0,135,0
4675,0,0,0,0,0,0,0,0,0,0,0,0,0,0,0,0,0,0,0,0,93,0,0,0,0,0,0,0,0,0,0,0,0,0,0,0,0,0,0,0,0,0,0
10342,0,39,0,0,0,0,0,0,0,0,0,0,0,0,244,0,0,290,24,0,84,0,0,4,0,0,0,2,0,6,0,0,0,15,1,0,24,1,0,0,2,0,0
4118,0,0,0,0,0,0,0,0,11,0,0,0,0,0,0,0,0,0,0,0,0,0,0,0,0,0,0,0,0,0,0,0,0,0,0,0,0,0,0,0,0,39,0
7512,0,0,0,15,54,0,0,5,0,0,2,0,130,0,0,0,0,153,0,0,0,0,0,0,0,0,0,0,0,0,2,0,0,0,0,20,0,0,0,0,0,0,0
1725,0,0,0,0,0,0,0,0,112,0,0,0,0,0,0,0,0,0,0,0,0,0,0,0,0,0,0,0,0,0,0,0,0,0,0,0,0,0,0,0,0,0,0
572,16,0,18,40,0,0,0,10,0,83,16,0,147,10,0,0,0,0,0,1,0,0,3,0,4,0,1,0,7,0,2,0,0,0,0,24,0,0,91,9,0,0,129
2847,0,0,0,2,0,0,0,0,0,2,0,0,7,0,0,0,0,0,0,0,0,0,0,0,0,0,1,0,1,0,0,0,0,0,0,0,0,0,0,0,0,0,5
1139,0,0,0,40,0,0,0,10,0,0,16,0,147,0,0,0,0,0,0,0,0,0,0,0,0,0,0,0,0,0,2,0,0,0,0,24,0,0,91,0,0,0,0
6310,0,39,0,0,0,0,0,0,0,0,0,0,0,0,244,0,0,290,24,0,0,0,0,4,0,0,0,2,0,6,0,0,0,15,1,0,24,1,0,0,2,0,0
6191,0,29,0,0,0,0,0,0,0,0,0,0,0,0,0,0,0,0,0,0,0,0,0,0,0,0,0,0,0,0,0,0,0,0,0,0,0,0,0,0,0,0,0
6301,0,0,0,0,88,0,0,0,0,0,0,0,0,0,244,0,0,290,24,0,200,0,0,4,0,0,0,2,0,6,0,0,0,15,0,0,24,1,0,0,0,0,0
6807,1,0,0,0,0,0,0,0,0,0,0,8,0,1,0,1,0,0,0,0,0,0,0,0,1,0,0,0,6,0,0,0,0,0,0,0,0,0,0,2,0,0,0
6929,0,0,0,0,48,0,0,0,0,0,0,0,0,0,0,0,0,0,0,0,200,0,0,0,0,0,0,0,0,0,0,0,0,0,0,0,0,0,0,0,0,0,0
6930,0,0,0,0,53,0,0,0,0,0,0,0,0,0,0,0,0,0,0,0,200,0,0,0,0,0,0,0,0,0,0,0,0,0,0,0,0,0,0,0,0,0,0
510,0,0,0,0,88,0,0,0,0,0,0,0,0,0,0,0,0,0,0,0,0,0,0,0,0,0,0,0,0,0,0,0,0,0,0,0,0,0,0,0,0,0,0
8820,0,0,0,0,0,0,0,0,0,99,0,14,0,0,0,262,0,0,0,0,0,0,0,0,4,3,0,0,8,0,0,0,0,0,0,0,0,0,0,10,0,0,132
852,0,0,0,0,0,20,75,0,0,0,0,0,0,0,0,0,2,0,0,0,0,0,0,0,0,0,0,0,0,0,0,0,2,0,0,0,0,0,0,0,0,0,0
9465,0,0,0,40,0,0,0,10,0,0,16,0,147,0,244,0,0,0,24,0,200,0,0,4,0,0,0,0,0,6,2,0,0,15,0,24,24,1,91,0,0,0,0
10542,0,18,0,0,0,0,0,0,0,0,0,0,0,0,0,0,0,0,0,0,0,0,0,0,0,0,0,0,0,0,0,0,0,0,0,0,0,0,0,0,2,0,0
7114,0,13,0,0,0,0,0,0,0,0,0,0,0,0,0,0,0,0,0,0,0,0,0,0,0,0,0,0,0,0,0,0,0,0,1,0,0,0,0,0,0,0,0
3848,0,0,0,0,80,0,0,0,103,0,0,0,0,0,0,0,0,0,0,0,186,0,0,0,0,0,0,0,0,0,0,0,0,0,0,0,0,0,0,0,0,0,0
13489,0,0,0,0,88,0,0,0,0,0,0,0,0,0,0,0,0,0,0,0,0,0,0,0,0,0,0,0,0,0,0,0,0,0,0,0,0,0,0,0,0,0,0
13421,0,37,0,0,0,0,0,0,0,0,0,0,0,0,0,0,0,0,0,0,0,0,0,0,0,0,0,0,0,0,0,0,0,0,1,0,0,0,0,0,2,0,0
4204,0,0,0,0,0,0,0,0,57,0,0,0,0,0,0,0,0,0,0,0,0,1,0,0,0,0,0,0,0,0,0,0,0,0,0,0,0,0,0,0,0,131,0
1057,0,39,0,0,0,0,0,0,0,0,0,0,0,0,244,0,0,290,24,0,0,0,0,4,0,0,0,2,0,6,0,0,0,15,1,0,24,1,0,0,2,0,0
3586,0,0,0,0,88,0,0,0,112,0,0,0,0,0,0,0,0,0,0,0,185,0,0,0,0,0,0,0,0,0,0,0,0,0,0,0,0,0,0,0,0,0,0
11556,0,39,0,0,0,20,75,0,0,0,0,14,0,0,244,262,0,291,24,0,0,0,0,2,0,1,0,0,0,6,0,0,2,15,1,0,24,1,0,0,1,264,0
6117,0,39,0,0,0,0,0,0,0,0,0,0,0,0,244,0,0,290,24,0,0,0,0,4,0,0,0,2,0,6,0,0,0,15,1,0,24,1,0,0,2,0,0
7135,0,0,0,0,0,0,0,0,0,0,0,0,0,0,10,0,0,24,0,0,18,0,0,2,0,0,0,0,0,6,0,0,0,0,0,0,16,0,0,0,0,0,0
13552,0,0,0,0,0,0,0,0,0,0,0,10,0,0,0,109,0,0,0,0,0,0,0,0,0,1,0,0,0,0,0,0,0,0,0,0,0,0,0,0,0,0,0
9592,0,0,0,0,0,0,0,0,112,0,0,0,0,0,0,0,0,0,0,0,0,1,0,0,0,0,0,0,0,0,0,0,0,0,0,0,0,0,0,0,0,264,0
635,0,0,0,0,88,0,0,0,0,0,0,0,0,0,0,0,0,0,0,0,0,0,0,0,0,0,0,0,0,0,0,0,0,0,0,0,0,0,0,0,0,0,0
9584,0,0,0,0,0,0,20,0,0,0,0,0,0,0,0,0,1,0,0,0,0,0,0,0,0,0,0,0,0,0,0,0,1,0,0,0,0,0,0,0,0,0,0
639,0,0,0,0,0,0,0,0,112,0,0,0,0,0,0,0,0,0,0,0,200,0,0,0,0,0,0,0,0,0,0,0,0,0,0,0,0,0,0,0,0,0,0
588,0,0,0,65,0,0,0,14,0,0,16,0,147,0,259,0,0,0,25,0,0,0,0,4,0,0,0,0,0,8,3,0,0,22,0,24,25,1,91,0,0,0,0
6303,0,0,0,0,88,0,0,0,0,0,0,0,0,0,237,0,0,290,4,0,170,0,0,4,0,0,0,2,0,6,0,0,0,15,0,0,0,1,0,0,0,0,0
8493,21,0,19,0,0,0,0,0,0,99,0,0,0,10,0,0,0,290,0,2,0,0,3,0,4,0,1,2,8,0,0,0,0,0,0,0,0,0,0,10,0,0,132
2921,0,0,2,0,0,0,0,0,0,2,0,0,0,0,0,0,0,10,0,0,0,0,0,0,0,0,0,0,0,0,0,0,0,0,0,0,0,0,0,0,0,0,7
7119,0,28,0,0,0,0,0,0,0,0,0,0,0,0,0,0,0,0,0,0,0,0,0,0,0,0,0,0,0,0,0,0,0,0,1,0,0,0,0,0,0,0,0
1142,0,0,0,0,0,0,0,0,112,0,0,0,0,0,0,0,0,0,0,0,0,1,0,0,0,0,0,0,0,0,0,0,0,0,0,0,0,0,0,0,0,264,0
3551,0,0,0,0,0,0,0,0,0,0,0,0,0,0,0,0,2,1,0,0,0,1,0,0,0,0,0,2,0,0,0,0,0,0,0,0,0,0,0,0,1,0,0
1899,21,0,19,0,0,0,0,0,0,99,0,0,0,10,0,0,0,290,0,2,0,0,3,0,4,0,1,2,8,0,0,0,0,0,0,0,0,0,0,10,0,0,132
6219,0,0,0,0,0,0,0,0,62,0,0,0,0,0,0,0,0,0,0,0,0,0,0,0,0,0,0,0,0,0,0,0,0,0,0,0,0,0,0,0,0,0,0
6225,0,0,0,0,0,0,0,0,112,0,0,0,0,0,0,0,0,0,0,0,0,1,0,0,0,0,0,0,0,0,0,0,0,0,0,0,0,0,0,0,0,264,0
8819,9,0,7,22,0,7,39,5,0,99,3,0,84,6,0,0,0,0,0,2,0,0,0,0,4,0,0,0,8,0,2,0,0,0,0,16,0,0,30,10,0,0,132
543,0,0,0,0,0,0,0,0,112,0,0,0,0,0,0,0,0,0,0,0,0,0,0,0,0,0,0,0,0,0,0,0,0,0,0,0,0,0,0,0,0,0,0
5991,0,35,0,0,0,0,0,0,0,0,0,0,0,0,0,0,0,0,0,0,0,0,0,0,0,0,0,0,0,0,0,0,0,0,0,0,0,0,0,0,2,0,0
6216,0,0,0,0,0,0,0,0,95,0,0,0,0,0,0,0,0,0,0,0,0,0,0,0,0,0,0,0,0,0,0,0,0,0,0,0,0,0,0,0,0,0,0
1741,21,0,19,0,0,0,0,0,0,99,0,0,0,10,0,0,0,290,0,2,0,0,3,0,4,0,1,2,8,0,0,0,0,0,0,0,0,0,0,10,0,0,132
8492,21,0,19,0,0,0,0,0,0,99,0,0,0,10,0,0,0,290,0,2,0,0,3,0,4,0,1,2,8,0,0,0,0,0,0,0,0,0,0,10,0,0,132
1548,0,0,0,0,88,20,75,0,0,0,0,14,0,0,0,262,2,0,0,0,200,0,0,0,0,3,0,0,0,0,0,0,2,0,0,0,0,0,0,0,0,0,0
1049,0,39,0,0,0,0,0,0,0,0,0,0,0,0,244,0,0,290,24,0,0,0,0,4,0,0,0,2,0,6,0,0,0,15,1,0,24,1,0,0,2,0,0
10639,0,0,0,0,3,3,5,0,11,0,0,0,0,0,0,26,0,0,0,0,13,0,0,0,0,0,0,0,0,0,0,0,0,0,0,0,0,0,0,0,0,24,0
6209,0,0,0,0,0,0,0,0,112,0,0,0,0,0,0,0,0,0,0,0,0,1,0,0,0,0,0,0,0,0,0,0,0,0,0,0,0,0,0,0,0,264,0
1235,0,0,0,0,5,0,0,0,0,0,0,0,0,0,0,0,0,0,0,0,0,0,0,0,0,0,0,0,0,0,0,0,0,0,0,0,0,0,0,0,0,0,0
7115,0,39,0,0,0,0,0,0,0,0,0,0,0,0,0,0,0,0,0,0,0,0,0,0,0,0,0,0,0,0,0,0,0,0,0,0,0,0,0,0,2,0,0
6340,0,1,0,0,0,0,0,0,0,0,0,0,0,0,0,0,0,0,0,0,0,0,0,0,0,0,0,0,0,0,0,0,0,0,0,0,0,0,0,0,0,0,0
2907,0,0,0,0,0,0,0,0,112,0,0,0,0,0,0,0,0,0,0,0,0,0,0,0,0,0,0,0,0,0,0,0,0,0,0,0,0,0,0,0,0,0,0
8821,0,0,0,0,0,0,0,0,0,99,0,14,0,0,0,262,0,0,0,0,0,0,0,0,4,3,0,0,8,0,0,0,0,0,0,0,0,0,0,10,0,0,132
8474,0,0,0,14,0,0,0,2,0,0,0,0,41,0,41,0,0,0,15,0,33,0,0,1,0,0,0,0,0,0,0,0,0,1,0,4,7,0,8,0,0,0,0
7118,0,39,0,0,0,0,0,0,0,0,0,0,0,0,0,0,0,0,0,0,0,0,0,0,0,0,0,0,0,0,0,0,0,0,1,0,0,0,0,0,2,0,0
10921,0,39,0,0,0,20,71,0,0,0,0,14,0,0,244,262,1,280,24,0,0,0,0,4,0,3,0,1,0,6,0,0,2,15,1,0,24,1,0,0,2,255,0
1224,0,0,0,0,0,0,0,0,112,0,0,0,0,0,0,0,0,0,0,0,0,0,0,0,0,0,0,0,0,0,0,0,0,0,0,0,0,0,0,0,0,0,0
2902,0,0,0,0,88,0,0,0,0,0,0,0,0,0,0,0,0,0,0,0,0,0,0,0,0,0,0,0,0,0,0,0,0,0,0,0,0,0,0,0,0,0,0
7693,0,0,0,0,0,0,0,0,112,0,0,0,0,0,0,0,0,0,0,0,0,0,0,0,0,0,0,0,0,0,0,0,0,0,0,0,0,0,0,0,0,0,0
515,21,0,19,0,0,0,0,0,0,99,0,0,0,10,0,0,0,290,0,2,0,0,3,0,4,0,1,2,8,0,0,0,0,0,0,0,0,0,0,10,0,0,132
11210,0,13,0,0,0,6,20,0,0,0,0,3,0,0,57,60,0,100,4,0,0,0,0,0,0,0,0,0,0,2,0,0,0,6,0,0,4,0,0,0,0,85,0
1230,0,0,0,0,0,0,0,0,112,0,0,0,0,0,0,0,0,0,0,0,0,0,0,0,0,0,0,0,0,0,0,0,0,0,0,0,0,0,0,0,0,0,0
6672,0,0,0,0,38,20,75,0,0,0,0,14,0,0,0,262,2,0,0,0,90,0,0,0,0,3,0,0,0,0,0,0,2,0,0,0,0,0,0,0,0,0,0
1055,0,39,0,0,0,0,0,0,0,0,0,0,0,0,244,0,0,290,24,0,0,0,0,4,0,0,0,2,0,6,0,0,0,15,1,0,24,1,0,0,2,0,0
9233,10,0,11,15,0,14,33,6,0,0,9,0,40,3,0,0,1,0,0,0,0,0,3,0,0,0,0,0,0,0,0,0,2,0,0,6,0,0,48,0,0,0,0
13412,0,39,0,0,0,0,0,0,0,0,0,0,0,0,0,0,0,0,0,0,0,0,0,0,0,0,0,0,0,0,0,0,0,0,1,0,0,0,0,0,2,0,0
2900,0,0,0,0,88,0,0,0,0,0,0,0,0,0,0,0,0,0,0,0,0,0,0,0,0,0,0,0,0,0,0,0,0,0,0,0,0,0,0,0,0,0,0
6236,21,0,19,40,0,20,75,10,0,0,16,0,147,10,0,0,2,0,0,2,0,0,3,0,0,0,1,0,0,0,2,0,2,0,0,24,0,0,91,0,0,0,0
1534,0,0,0,0,0,0,0,0,112,0,0,0,0,0,0,0,0,0,0,0,0,1,0,0,0,0,0,0,0,0,0,0,0,0,0,0,0,0,0,0,0,264,0
11783,0,0,0,0,0,0,0,1,0,0,0,0,13,0,12,0,0,0,0,0,0,0,0,0,0,0,0,0,0,0,0,0,0,0,0,2,0,0,0,0,0,0,0
2883,0,0,0,0,4,0,0,0,0,0,0,0,0,0,0,0,0,0,0,0,0,0,0,0,0,0,0,0,0,0,0,0,0,0,0,0,0,0,0,0,0,0,0
2376,0,0,0,2,0,0,0,0,0,0,1,0,3,0,0,0,0,0,0,0,0,0,0,0,0,0,0,0,0,0,0,0,0,0,0,1,0,0,6,0,0,0,0
1674,22,0,19,0,0,40,77,10,0,2,16,22,0,23,0,7,2,0,0,0,0,0,3,0,1,0,0,0,13,0,0,0,0,0,0,24,0,0,0,13,0,0,0
6178,0,0,0,0,0,0,0,0,112,0,0,0,0,0,0,0,0,0,0,0,0,0,0,0,0,0,0,0,0,0,0,0,0,0,0,0,0,0,0,0,0,0,0
3638,0,0,0,0,0,0,0,0,0,0,0,0,0,0,0,0,2,1,0,0,0,1,0,3,0,3,0,2,0,0,0,0,0,0,0,0,0,1,0,0,1,0,0
1893,21,0,19,0,0,0,0,0,0,99,0,0,0,10,0,0,0,290,0,2,0,0,3,0,4,0,1,2,8,0,0,0,0,0,0,0,0,0,0,10,0,0,132
11558,0,16,0,0,0,10,29,0,0,0,0,6,0,0,116,118,0,122,5,0,0,0,0,0,0,0,0,0,0,6,0,0,1,1,0,0,17,0,0,0,1,129,0
1244,0,0,0,0,0,0,0,0,66,0,0,0,0,0,0,0,0,0,0,0,0,0,0,0,0,0,0,0,0,0,0,0,0,0,0,0,0,0,0,0,0,0,0
1901,0,0,0,40,0,0,0,10,0,0,16,0,147,0,244,0,0,0,24,0,0,0,0,4,0,0,0,0,0,6,2,0,0,15,0,24,24,1,91,0,0,0,0
9734,0,0,0,0,0,20,75,0,0,0,0,14,0,0,0,262,2,0,0,0,0,1,0,0,0,3,0,0,0,0,0,0,2,0,0,0,0,0,0,0,0,264,0
1944,0,0,0,0,88,20,75,0,0,0,0,14,0,0,0,262,2,0,0,0,200,0,0,0,0,3,0,0,0,0,0,0,2,0,0,0,0,0,0,0,0,0,0
589,0,0,0,87,0,0,0,21,0,0,16,0,147,0,271,0,0,0,28,0,0,0,0,4,0,0,0,0,0,10,3,0,0,31,0,24,28,1,91,0,0,0,0
5365,0,0,0,0,0,0,0,0,0,0,0,0,0,0,0,0,0,0,0,0,103,0,0,0,0,0,0,0,0,0,0,0,0,0,0,0,0,0,0,0,0,0,0
11211,0,5,0,0,0,1,5,0,0,0,0,0,0,0,13,14,0,31,2,0,0,0,0,0,0,0,0,0,0,0,0,0,0,0,0,0,1,0,0,0,1,30,0
8561,0,0,1,6,0,0,0,1,0,1,0,0,2,0,5,0,0,4,0,1,0,0,0,0,0,0,0,0,0,0,0,0,0,2,0,0,1,0,2,0,0,0,1
3670,0,0,0,0,88,20,75,0,112,0,0,14,0,0,0,262,2,0,0,0,200,1,0,0,0,3,0,0,0,0,0,0,2,0,0,0,0,0,0,0,0,264,0
6586,0,0,0,0,0,0,0,0,8,0,0,0,0,0,0,0,0,0,0,0,0,0,0,0,0,0,0,0,0,0,0,0,0,0,0,0,0,0,0,0,0,8,0
863,21,0,19,40,0,20,75,10,0,0,16,0,147,10,0,0,2,0,0,2,0,0,3,0,0,0,1,0,0,0,2,0,2,0,0,24,0,0,91,0,0,0,0
6311,0,39,0,0,0,0,0,0,0,0,0,0,0,0,244,0,0,290,24,0,0,0,0,4,0,0,0,2,0,6,0,0,0,15,1,0,24,1,0,0,2,0,0
1330,0,39,0,0,0,0,0,0,0,0,0,0,0,0,0,0,0,0,0,0,0,0,0,0,0,0,0,0,0,0,0,0,0,0,1,0,0,0,0,0,2,0,0
11112,0,0,0,0,0,0,0,0,0,0,0,0,0,0,0,0,0,0,0,0,84,0,0,0,0,0,0,0,0,0,0,0,0,0,0,0,0,0,0,0,0,0,0
1,0,22,0,0,0,0,0,0,0,0,0,0,0,0,0,0,0,0,0,0,0,0,0,0,0,0,0,0,0,0,0,0,0,0,1,0,0,0,0,0,2,0,0
6932,0,0,0,0,88,0,0,0,0,0,0,0,0,0,0,0,0,0,0,0,92,0,0,0,0,0,0,0,0,0,0,0,0,0,0,0,0,0,0,0,0,0,0
1538,0,0,0,0,0,0,0,0,112,0,0,0,0,0,0,0,0,0,0,0,0,1,0,0,0,0,0,0,0,0,0,0,0,0,0,0,0,0,0,0,0,264,0
854,0,0,0,0,0,20,75,0,0,0,0,0,0,0,0,0,2,0,0,0,0,0,0,0,0,0,0,0,0,0,0,0,2,0,0,0,0,0,0,0,0,0,0
2901,0,0,0,0,88,0,0,0,0,0,0,0,0,0,0,0,0,0,0,0,0,0,0,0,0,0,0,0,0,0,0,0,0,0,0,0,0,0,0,0,0,0,0
6788,0,0,0,0,0,0,0,0,0,99,0,14,0,0,0,262,0,0,0,0,0,1,0,0,4,3,0,0,8,0,0,0,0,0,0,0,0,0,0,10,0,264,132
6671,0,0,0,0,0,12,41,0,0,0,0,8,0,0,0,140,2,0,0,0,0,0,0,0,0,3,0,0,0,0,0,0,0,0,0,0,0,0,0,0,0,0,0
1225,0,0,0,0,0,0,0,0,112,0,0,0,0,0,0,0,0,0,0,0,0,0,0,0,0,0,0,0,0,0,0,0,0,0,0,0,0,0,0,0,0,0,0
9252,0,0,0,40,0,0,0,10,0,0,16,0,147,0,242,0,0,0,24,0,194,0,0,4,0,0,0,0,0,6,2,0,0,15,0,24,24,1,86,0,0,0,0
13031,0,0,0,0,0,0,0,0,53,0,0,0,0,0,0,0,0,0,0,0,0,0,0,0,0,0,0,0,0,0,0,0,0,0,0,0,0,0,0,0,0,131,0
1896,6,0,12,0,0,0,0,0,0,34,0,0,0,7,0,0,0,146,0,0,0,0,3,0,0,0,1,2,4,0,0,0,0,0,0,0,0,0,0,9,0,0,77
1947,0,39,0,0,0,0,0,0,0,0,0,0,0,0,170,0,0,290,24,0,0,0,0,3,0,0,0,2,0,6,0,0,0,10,1,0,0,1,0,0,2,0,0
6239,3,0,0,40,0,20,2,0,0,4,0,22,147,12,0,12,0,0,0,2,0,0,2,0,1,0,1,0,13,0,2,0,2,0,0,0,0,0,91,13,0,2,0
9593,0,0,0,0,0,0,0,0,112,0,0,0,0,0,0,0,0,0,0,0,0,1,0,0,0,0,0,0,0,0,0,0,0,0,0,0,0,0,0,0,0,264,0
7116,0,18,0,0,0,0,0,0,0,0,0,0,0,0,0,0,0,0,0,0,0,0,0,0,0,0,0,0,0,0,0,0,0,0,1,0,0,0,0,0,2,0,0
11023,0,0,0,0,0,0,0,0,0,0,0,0,0,0,0,0,0,0,0,0,174,0,0,0,0,0,0,0,0,0,0,0,0,0,0,0,0,0,0,0,0,0,0
1533,0,0,0,0,0,0,0,0,112,0,0,0,0,0,0,0,0,0,0,0,0,1,0,0,0,0,0,0,0,0,0,0,0,0,0,0,0,0,0,0,0,264,0
489,4,0,16,0,0,0,0,0,0,29,0,0,0,7,0,0,0,141,0,0,0,0,0,0,2,0,1,2,4,0,0,0,0,0,0,0,0,0,0,10,0,0,78
2881,0,0,0,0,0,0,0,0,0,0,0,0,0,0,0,0,0,0,0,0,2,0,0,0,0,0,0,0,0,0,0,0,0,0,0,0,0,0,0,0,0,0,0
8478,0,0,0,0,0,0,0,0,0,0,0,0,0,0,0,0,0,0,0,0,200,0,0,0,0,0,0,0,0,0,0,0,0,0,0,0,0,0,0,0,0,0,0
1540,0,0,0,0,88,20,75,0,0,0,0,14,0,0,0,262,2,0,0,0,200,0,0,0,0,3,0,0,0,0,0,0,2,0,0,0,0,0,0,0,0,0,0
1239,0,0,0,0,0,0,0,0,0,0,0,0,0,0,0,0,0,0,0,0,194,0,0,0,0,0,0,0,0,0,0,0,0,0,0,0,0,0,0,0,0,0,0
6663,0,0,0,0,0,0,0,0,0,0,0,14,0,0,0,243,0,0,0,0,0,0,0,0,0,3,0,0,0,0,0,0,0,0,0,0,0,0,0,0,0,0,0
847,20,0,7,19,0,0,0,7,0,69,5,0,59,3,0,0,0,0,0,1,0,0,0,0,4,0,1,0,7,0,0,0,0,0,0,13,0,0,43,2,0,0,43
1053,0,30,0,0,0,0,0,0,0,0,0,0,0,0,161,0,0,203,0,0,0,0,0,3,0,0,0,2,0,0,0,0,0,14,1,0,24,1,0,0,2,0,0
3601,0,0,0,0,0,0,0,0,0,0,0,0,0,0,0,0,0,0,0,0,0,0,0,3,0,3,0,0,0,0,0,0,0,0,0,0,0,1,0,0,0,0,0
11039,0,0,0,40,0,0,0,10,0,0,16,0,147,0,107,0,0,0,0,0,71,0,0,3,0,0,0,0,0,6,2,0,0,7,0,24,17,1,91,0,0,0,0
9735,0,0,0,0,0,20,75,0,0,0,0,14,0,0,0,262,2,0,0,0,0,1,0,0,0,3,0,0,0,0,0,0,2,0,0,0,0,0,0,0,0,264,0
1052,0,39,0,0,0,0,0,0,0,0,0,0,0,0,244,0,0,290,24,0,0,0,0,4,0,0,0,2,0,6,0,0,0,15,1,0,24,1,0,0,2,0,0
6670,0,0,0,0,0,12,48,0,0,0,0,8,0,0,0,112,2,0,0,0,0,0,0,0,0,1,0,0,0,0,0,0,1,0,0,0,0,0,0,0,0,0,0
1056,0,37,0,0,0,0,0,0,0,0,0,0,0,0,244,0,0,281,24,0,0,0,0,4,0,0,0,2,0,6,0,0,0,15,1,0,24,1,0,0,2,0,0
541,0,0,0,0,0,0,0,0,112,0,0,0,0,0,0,0,0,0,0,0,0,0,0,0,0,0,0,0,0,0,0,0,0,0,0,0,0,0,0,0,0,0,0
1228,0,0,0,0,0,0,0,0,112,0,0,0,0,0,0,0,0,0,0,0,0,0,0,0,0,0,0,0,0,0,0,0,0,0,0,0,0,0,0,0,0,0,0
575,4,0,1,0,42,0,0,0,0,12,0,0,0,1,0,0,0,117,0,0,0,0,3,0,0,0,0,2,1,0,0,0,0,0,0,0,0,0,0,0,0,0,13
8443,0,0,0,0,79,0,0,0,0,0,0,0,0,0,0,0,0,0,0,0,0,0,0,0,0,0,0,0,0,0,0,0,0,0,0,0,0,0,0,0,0,0,0
9462,0,0,1,5,0,0,0,0,0,7,0,0,4,0,0,0,0,0,0,0,0,0,0,0,0,0,0,0,0,0,0,0,0,0,0,1,0,0,2,1,0,0,8
6165,21,0,19,40,0,0,0,10,0,99,16,0,147,10,0,0,0,0,0,2,0,0,3,0,4,0,1,0,8,0,2,0,0,0,0,24,0,0,91,10,0,0,132
1942,0,39,0,0,0,0,0,0,0,0,0,0,0,0,244,0,0,290,24,0,0,0,0,4,0,0,0,2,0,6,0,0,0,15,1,0,24,1,0,0,2,0,0
6217,0,0,0,0,0,0,0,0,112,0,0,0,0,0,0,0,0,0,0,0,0,0,0,0,0,0,0,0,0,0,0,0,0,0,0,0,0,0,0,0,0,0,0
1895,21,0,19,0,0,0,0,0,0,99,0,0,0,10,0,0,0,290,0,2,0,0,3,0,4,0,1,2,8,0,0,0,0,0,0,0,0,0,0,10,0,0,132
11185,0,0,0,0,0,0,0,0,0,0,0,0,0,0,0,0,0,1,0,0,0,0,0,0,0,1,0,1,0,0,0,0,0,0,0,0,0,1,0,0,0,0,0
6189,0,39,0,0,0,0,0,0,0,0,0,0,0,0,0,0,0,0,0,0,0,0,0,0,0,0,0,0,0,0,0,0,0,0,1,0,0,0,0,0,2,0,0
1902,21,0,18,81,0,0,0,20,0,99,12,0,129,10,241,0,0,287,22,1,0,0,3,3,4,0,1,2,8,9,3,0,0,28,0,21,24,1,87,10,0,0,132
988,0,0,0,0,0,0,0,0,0,0,0,0,0,0,0,0,0,0,0,0,200,0,0,0,0,0,0,0,0,0,0,0,0,0,0,0,0,0,0,0,0,0,0
3580,0,0,0,0,53,0,0,0,86,0,0,0,0,0,0,0,0,0,0,0,149,0,0,0,0,0,0,0,0,0,0,0,0,0,0,0,0,0,0,0,0,0,0
986,0,0,0,0,0,0,0,0,0,0,0,0,0,0,0,0,0,0,0,0,200,0,0,0,0,0,0,0,0,0,0,0,0,0,0,0,0,0,0,0,0,0,0
6786,2,0,0,40,0,20,2,0,0,4,0,22,144,11,0,15,0,0,0,0,0,0,1,0,1,0,1,0,13,0,2,0,0,0,0,0,0,0,87,13,0,3,0
1905,21,0,19,21,0,0,0,7,0,99,0,0,0,10,8,0,0,290,1,2,0,0,3,0,4,0,1,2,8,0,1,0,0,9,0,0,3,0,0,10,0,0,132
1544,0,0,0,0,88,20,75,0,0,0,0,14,0,0,0,262,2,0,0,0,200,0,0,0,0,3,0,0,0,0,0,0,2,0,0,0,0,0,0,0,0,0,0
9572,0,0,0,0,0,0,0,0,43,0,0,0,0,0,0,0,0,0,0,0,0,0,0,0,0,0,0,0,0,0,0,0,0,0,0,0,0,0,0,0,0,0,0
10985,0,0,0,0,0,0,0,0,112,0,0,0,0,0,0,0,0,0,0,0,0,0,0,0,0,0,0,0,0,0,0,0,0,0,0,0,0,0,0,0,0,0,0
3602,0,0,0,0,0,0,0,0,0,0,0,0,0,0,0,0,2,1,0,0,0,1,0,3,0,3,0,2,0,0,0,0,0,0,0,0,0,1,0,0,1,0,0
12486,0,0,0,0,0,0,0,0,0,0,0,0,0,0,0,0,0,0,0,0,1,0,0,0,0,0,0,0,0,0,0,0,0,0,0,0,0,0,0,0,0,0,0
6664,0,0,0,0,0,0,0,0,0,0,0,14,0,0,0,262,0,0,0,0,0,0,0,0,0,3,0,0,0,0,0,0,0,0,0,0,0,0,0,0,0,0,0
1546,0,0,0,0,87,18,68,0,0,0,0,12,0,0,0,241,2,0,0,0,196,0,0,0,0,3,0,0,0,0,0,0,2,0,0,0,0,0,0,0,0,0,0
6931,0,0,0,0,82,0,0,0,0,0,0,0,0,0,0,0,0,0,0,0,200,0,0,0,0,0,0,0,0,0,0,0,0,0,0,0,0,0,0,0,0,0,0
10061,0,0,0,0,0,0,0,0,0,0,0,0,0,0,0,0,0,0,0,0,85,0,0,0,0,0,0,0,0,0,0,0,0,0,0,0,0,0,0,0,0,0,0
1234,0,0,0,0,0,0,0,0,0,0,0,0,0,0,0,0,0,0,0,0,200,0,0,0,0,0,0,0,0,0,0,0,0,0,0,0,0,0,0,0,0,0,0
3857,0,0,0,0,1,0,0,0,2,0,0,0,0,0,0,0,0,0,0,0,1,0,0,0,0,0,0,0,0,0,0,0,0,0,0,0,0,0,0,0,0,0,0
6234,0,0,0,0,0,0,0,0,52,0,0,0,0,0,0,0,0,0,0,0,0,0,0,0,0,0,0,0,0,0,0,0,0,0,0,0,0,0,0,0,0,118,0
9732,0,14,0,0,0,20,75,0,0,0,0,14,0,0,89,262,2,146,21,0,0,1,0,1,0,3,0,1,0,6,0,0,2,4,0,0,0,0,0,0,2,264,0
3671,0,1,0,0,0,0,0,0,0,0,0,0,0,0,8,0,0,9,0,0,0,0,0,0,0,0,0,0,0,0,0,0,0,0,0,0,0,0,0,0,0,0,0
12176,0,0,0,0,88,0,0,0,0,0,0,0,0,0,0,0,0,0,0,0,0,0,0,0,0,0,0,0,0,0,0,0,0,0,0,0,0,0,0,0,0,0,0
11367,21,0,19,40,0,0,0,10,0,99,16,0,147,10,0,0,0,0,0,2,0,0,3,0,4,0,1,0,8,0,2,0,0,0,0,24,0,0,91,10,0,0,132
1051,0,14,0,0,0,0,0,0,0,0,0,0,0,0,110,0,0,105,0,0,0,0,0,4,0,0,0,0,0,0,0,0,0,11,0,0,16,0,0,0,2,0,0
1742,0,0,0,0,0,0,0,0,0,0,0,0,0,0,0,0,0,28,0,0,0,0,0,0,2,0,0,0,0,0,0,0,0,0,0,0,0,0,0,0,0,0,12
3578,0,0,0,0,88,0,0,0,112,0,0,0,0,0,0,0,0,0,0,0,200,0,0,0,0,0,0,0,0,0,0,0,0,0,0,0,0,0,0,0,0,0,0
1541,0,0,0,0,32,4,29,0,0,0,0,2,0,0,0,80,1,0,0,0,82,0,0,0,0,1,0,0,0,0,0,0,1,0,0,0,0,0,0,0,0,0,0
1536,0,0,0,0,0,0,0,0,102,0,0,0,0,0,0,0,0,0,0,0,0,1,0,0,0,0,0,0,0,0,0,0,0,0,0,0,0,0,0,0,0,216,0
8815,0,0,0,40,0,0,0,10,0,0,16,0,147,0,244,0,0,0,24,0,200,0,0,4,0,0,0,0,0,6,2,0,0,15,0,24,24,1,91,0,0,0,0
6891,0,0,0,0,0,0,0,0,1,0,0,0,0,0,0,0,0,0,0,0,0,0,0,0,0,0,0,0,0,0,0,0,0,0,0,0,0,0,0,0,0,2,0
1661,0,0,0,47,0,0,0,11,0,0,0,0,0,0,27,0,0,0,4,0,0,0,0,0,0,0,0,0,0,4,1,0,0,16,0,0,4,0,0,0,0,0,0
11492,0,0,0,0,88,20,75,0,112,0,0,14,0,0,0,262,2,0,0,0,200,1,0,0,0,3,0,0,0,0,0,0,2,0,0,0,0,0,0,0,0,264,0
2908,0,0,0,0,0,0,0,0,0,0,0,0,0,0,0,0,0,0,0,0,200,0,0,0,0,0,0,0,0,0,0,0,0,0,0,0,0,0,0,0,0,0,0
6240,0,0,0,0,0,0,0,0,112,0,0,0,0,0,0,0,0,0,0,0,0,1,0,0,0,0,0,0,0,0,0,0,0,0,0,0,0,0,0,0,0,264,0
1894,21,0,16,0,0,0,0,0,0,88,0,0,0,9,0,0,0,274,0,2,0,0,3,0,4,0,1,2,8,0,0,0,0,0,0,0,0,0,0,8,0,0,122
498,0,0,0,0,0,0,0,0,52,0,0,0,0,0,0,0,0,0,0,0,0,0,0,0,0,0,0,0,0,0,0,0,0,0,0,0,0,0,0,0,0,0,0
12488,0,0,0,0,88,0,0,0,0,0,0,0,0,0,0,0,0,0,0,0,0,0,0,0,0,0,0,0,0,0,0,0,0,0,0,0,0,0,0,0,0,0,0
2924,0,0,0,0,0,0,0,0,0,0,0,0,0,0,0,0,0,0,0,0,85,0,0,0,0,0,0,0,0,0,0,0,0,0,0,0,0,0,0,0,0,0,0
6536,0,0,0,0,0,0,0,0,0,0,0,2,0,0,0,17,0,0,0,0,0,0,0,0,0,0,0,0,0,0,0,0,0,0,0,0,0,0,0,0,0,0,0
11366,21,0,19,40,0,0,0,10,0,99,16,0,147,10,0,0,0,0,0,2,0,0,3,0,4,0,1,0,8,0,2,0,0,0,0,24,0,0,91,10,0,0,132
13203,0,0,0,0,0,0,0,0,0,0,0,0,0,0,0,0,0,0,0,0,200,0,0,0,0,0,0,0,0,0,0,0,0,0,0,0,0,0,0,0,0,0,0
6129,0,0,0,0,0,0,0,0,0,0,0,0,0,0,0,0,0,0,0,0,8,0,0,0,0,0,0,0,0,0,0,0,0,0,0,0,0,0,0,0,0,0,0
8491,0,0,0,0,88,0,0,0,0,0,0,0,0,0,0,0,0,0,0,0,0,0,0,0,0,0,0,0,0,0,0,0,0,0,0,0,0,0,0,0,0,0,0
11513,0,0,0,0,88,0,0,0,112,0,0,0,0,0,0,0,0,0,0,0,200,0,0,0,0,0,0,0,0,0,0,0,0,0,0,0,0,0,0,0,0,0,0
4109,0,0,0,0,0,9,38,0,0,0,0,9,0,0,0,94,2,0,0,0,0,0,0,0,0,2,0,0,0,0,0,0,0,0,0,0,0,0,0,0,0,0,0
1058,0,10,0,0,0,0,0,0,0,0,0,0,0,0,83,0,0,99,2,0,0,0,0,0,0,0,0,2,0,6,0,0,0,5,1,0,8,1,0,0,0,0,0
10984,0,0,0,0,0,0,0,0,112,0,0,0,0,0,0,0,0,0,0,0,0,0,0,0,0,0,0,0,0,0,0,0,0,0,0,0,0,0,0,0,0,0,0
11791,0,0,0,0,0,0,0,0,0,2,0,0,0,0,0,0,0,4,0,0,0,0,0,0,2,0,0,0,0,0,0,0,0,0,0,0,0,0,0,0,0,0,0
